rang_aufsteigend,empirischer_anteil_bis_hier,zaehler_id,monat,kundentyp,vertragsleistung_kw,vollaststunden,prognose_vls,residuum_vls,abs_residuum_vls,verbrauch_kwh,prognose_kwh,abweichung_kwh,ab_p95,ab_p97_5,ab_p99,ab_p99_5
1,0.0007158196134574087,ZL-00542,2024-12,Gewerbe,25,108.08,108.00593736057499,0.07406263942500857,0.07406263942500857,2702.0,2700.1484340143747,1.8515659856252569,False,False,False,False
2,0.0014316392269148174,ZL-00475,2024-11,Industrie,218,143.67889908256882,143.57721911608718,0.10167996648164035,0.10167996648164035,31322.0,31299.833767307005,22.166232692994527,False,False,False,False
3,0.0021474588403722263,ZL-00255,2024-12,Industrie,259,173.04247104247105,172.9201105096075,0.12236053286355286,0.12236053286355286,44818.0,44786.30862198834,31.691378011659253,False,False,False,False
4,0.002863278453829635,ZL-00396,2024-11,Gewerbe,69,97.18840579710144,97.31148073575307,-0.12307493865162655,0.12307493865162655,6706.0,6714.492170766962,-8.492170766961863,False,False,False,False
5,0.0035790980672870437,ZL-00555,2024-11,Kommunal,28,125.35714285714286,125.22480285445344,0.1323400026894177,0.1323400026894177,3510.0,3506.2944799246966,3.7055200753034114,False,False,False,False
6,0.004294917680744453,ZL-00167,2024-11,Gewerbe,256,222.7578125,222.90758192395063,-0.1497694239506302,0.1497694239506302,57026.0,57064.34097253136,-38.34097253136133,False,False,False,False
7,0.005010737294201861,ZL-00373,2024-12,Gewerbe,79,154.46835443037975,154.3077626619029,0.16059176847684853,0.16059176847684853,12203.0,12190.313250290328,12.686749709671858,False,False,False,False
8,0.00572655690765927,ZL-00314,2024-12,Gewerbe,47,108.65957446808513,108.82981331151086,-0.1702388434257358,0.1702388434257358,5107.0,5115.00122564101,-8.001225641010024,False,False,False,False
9,0.006442376521116679,ZL-00144,2024-11,Gewerbe,70,99.61428571428571,99.41177315508804,0.20251255919767175,0.20251255919767175,6973.0,6958.824120856163,14.175879143836937,False,False,False,False
10,0.0071581961345740875,ZL-00268,2024-12,Industrie,333,99.06006006006008,99.26893079577978,-0.2088707357196995,0.2088707357196995,32987.0,33056.55395499467,-69.55395499466977,False,False,False,False
11,0.007874015748031496,ZL-00604,2024-12,Kommunal,105,106.51428571428572,106.77026590890776,-0.25598019462204036,0.25598019462204036,11184.0,11210.877920435314,-26.87792043531408,False,False,False,False
12,0.008589835361488905,ZL-00340,2024-11,Industrie,227,196.80176211453744,197.0581605214365,-0.25639840689905213,0.25639840689905213,44674.0,44732.20243836608,-58.20243836608279,False,False,False,False
13,0.009305654974946313,ZL-00677,2024-12,Gewerbe,84,219.0952380952381,218.82170622767123,0.27353186756687364,0.27353186756687364,18404.0,18381.023323124384,22.97667687561625,False,False,False,False
14,0.010021474588403722,ZL-00141,2024-11,Gewerbe,50,95.82,95.54550447935867,0.27449552064132376,0.27449552064132376,4791.0,4777.275223967934,13.724776032066075,False,False,False,False
15,0.010737294201861132,ZL-00119,2024-12,Industrie,354,120.364406779661,120.6629799017728,-0.2985731221118044,0.2985731221118044,42609.0,42714.694885227575,-105.69488522757456,False,False,False,False
16,0.01145311381531854,ZL-00176,2024-11,Gewerbe,109,115.11009174311928,114.78278208576931,0.3273096573499714,0.3273096573499714,12547.0,12511.323247348855,35.67675265114485,False,False,False,False
17,0.012168933428775949,ZL-00251,2024-11,Industrie,283,86.69257950530036,87.05070311449107,-0.35812360919071295,0.35812360919071295,24534.0,24635.348981400974,-101.34898140097357,False,False,False,False
18,0.012884753042233358,ZL-00571,2024-11,Gewerbe,45,114.66666666666669,115.02938823324813,-0.36272156658144183,0.36272156658144183,5160.0,5176.322470496166,-16.322470496165806,False,False,False,False
19,0.013600572655690766,ZL-00288,2024-11,Gewerbe,89,109.0,109.47892007724903,-0.47892007724902896,0.47892007724902896,9701.0,9743.623886875164,-42.62388687516432,False,False,False,False
20,0.014316392269148175,ZL-00362,2024-11,Industrie,138,104.97826086956522,104.49738777205145,0.48087309751376495,0.48087309751376495,14487.0,14420.6395125431,66.36048745689914,False,False,False,False
21,0.015032211882605583,ZL-00153,2024-11,Gewerbe,43,213.3023255813953,212.8134026717171,0.48892290967819463,0.48892290967819463,9172.0,9150.976314883836,21.023685116164415,False,False,False,False
22,0.015748031496062992,ZL-00031,2024-12,Gewerbe,75,109.28,108.68890208785338,0.5910979121466227,0.5910979121466227,8196.0,8151.667656589003,44.332343410997055,False,False,False,False
23,0.0164638511095204,ZL-00199,2024-11,Gewerbe,20,98.7,98.07832470047153,0.6216752995284764,0.6216752995284764,1974.0,1961.5664940094305,12.433505990569529,False,False,False,False
24,0.01717967072297781,ZL-00451,2024-11,Gewerbe,43,157.32558139534885,157.94945780369306,-0.6238764083442163,0.6238764083442163,6765.0,6791.826685558802,-26.826685558801728,False,False,False,False
25,0.01789549033643522,ZL-00605,2024-12,Kommunal,63,237.7142857142857,238.33922152076838,-0.6249358064826822,0.6249358064826822,14976.0,15015.370955808408,-39.370955808408326,False,False,False,False
26,0.018611309949892626,ZL-00009,2024-12,Gewerbe,76,104.63157894736842,105.26146996560999,-0.6298910182415653,0.6298910182415653,7952.0,7999.871717386359,-47.871717386358796,False,False,False,False
27,0.019327129563350035,ZL-00131,2024-12,Industrie,140,143.2642857142857,142.62955046971473,0.634735244570976,0.634735244570976,20057.0,19968.137065760064,88.8629342399363,False,False,False,False
28,0.020042949176807445,ZL-00130,2024-12,Industrie,122,106.48360655737704,105.83829387929201,0.645312678085034,0.645312678085034,12991.0,12912.271853273625,78.72814672637469,False,False,False,False
29,0.020758768790264854,ZL-00115,2024-12,Kommunal,49,130.12244897959184,130.78347460447804,-0.6610256248862072,0.6610256248862072,6376.0,6408.390255619424,-32.39025561942435,False,False,False,False
30,0.021474588403722263,ZL-00368,2024-11,Gewerbe,41,206.5853658536585,205.90881952146202,0.676546332196466,0.676546332196466,8470.0,8442.261600379943,27.738399620056953,False,False,False,False
31,0.02219040801717967,ZL-00512,2024-11,Kommunal,215,166.87906976744185,166.1712606662463,0.7078091011955507,0.7078091011955507,35879.0,35726.821043242955,152.17895675704494,False,False,False,False
32,0.02290622763063708,ZL-00497,2024-12,Industrie,302,199.87417218543047,200.58825622788834,-0.7140840424578698,0.7140840424578698,60362.0,60577.65338082228,-215.65338082228118,False,False,False,False
33,0.023622047244094488,ZL-00362,2024-12,Industrie,138,110.95652173913044,111.68675763268611,-0.7302358935556725,0.7302358935556725,15312.0,15412.772553310682,-100.77255331068227,False,False,False,False
34,0.024337866857551897,ZL-00297,2024-11,Industrie,752,140.6529255319149,141.39537260112706,-0.7424470692121758,0.7424470692121758,105771.0,106329.32019604756,-558.3201960475562,False,False,False,False
35,0.025053686471009307,ZL-00108,2024-11,Gewerbe,68,143.35294117647058,142.59660207626834,0.7563391002022399,0.7563391002022399,9748.0,9696.568941186248,51.431058813752315,False,False,False,False
36,0.025769506084466716,ZL-00083,2024-12,Kommunal,75,102.85333333333334,102.07500872731882,0.7783246060145217,0.7783246060145217,7714.0,7655.625654548911,58.37434545108863,False,False,False,False
37,0.026485325697924122,ZL-00420,2024-12,Gewerbe,37,112.27027027027027,113.07897229315412,-0.8087020228838497,0.8087020228838497,4154.0,4183.921974846702,-29.921974846702142,False,False,False,False
38,0.02720114531138153,ZL-00012,2024-11,Gewerbe,25,120.64,121.47867454710746,-0.838674547107459,0.838674547107459,3016.0,3036.9668636776864,-20.966863677686433,False,False,False,False
39,0.02791696492483894,ZL-00516,2024-11,Gewerbe,87,95.26436781609196,96.10410426169736,-0.8397364456053964,0.8397364456053964,8288.0,8361.05707076767,-73.05707076767067,False,False,False,False
40,0.02863278453829635,ZL-00236,2024-12,Gewerbe,120,143.7,142.85072373420297,0.8492762657970161,0.8492762657970161,17244.0,17142.086848104358,101.91315189564193,False,False,False,False
41,0.02934860415175376,ZL-00599,2024-12,Industrie,203,171.88177339901478,171.03024950357923,0.8515238954355482,0.8515238954355482,34892.0,34719.14064922658,172.85935077341856,False,False,False,False
42,0.030064423765211165,ZL-00018,2024-11,Gewerbe,34,115.29411764705884,114.43739228232926,0.8567253647295843,0.8567253647295843,3920.0,3890.8713375991947,29.128662400805297,False,False,False,False
43,0.030780243378668574,ZL-00073,2024-12,Gewerbe,43,151.46511627906978,152.32978293062604,-0.8646666515562629,0.8646666515562629,6513.0,6550.1806660169195,-37.18066601691953,False,False,False,False
44,0.031496062992125984,ZL-00271,2024-11,Industrie,401,83.02244389027432,83.88838266726209,-0.8659387769877753,0.8659387769877753,33292.0,33639.2414495721,-347.2414495721023,False,False,False,False
45,0.03221188260558339,ZL-00620,2024-11,Gewerbe,71,167.9154929577465,168.78846292246416,-0.8729699647176687,0.8729699647176687,11922.0,11983.980867494956,-61.98086749495633,False,False,False,False
46,0.0329277022190408,ZL-00258,2024-11,Gewerbe,38,112.0,111.12656827616746,0.8734317238325389,0.8734317238325389,4256.0,4222.809594494363,33.19040550563659,False,False,False,False
47,0.03364352183249821,ZL-00193,2024-11,Kommunal,122,194.72131147540983,195.6237148271666,-0.9024033517567602,0.9024033517567602,23756.0,23866.093208914324,-110.09320891432435,False,False,False,False
48,0.03435934144595562,ZL-00496,2024-11,Industrie,393,86.14503816793894,87.04890414644902,-0.9038659785100833,0.9038659785100833,33855.0,34210.219329554464,-355.2193295544639,False,False,False,False
49,0.03507516105941303,ZL-00232,2024-12,Gewerbe,77,101.83116883116882,102.76193271056636,-0.9307638793975315,0.9307638793975315,7841.0,7912.66881871361,-71.66881871360965,False,False,False,False
50,0.03579098067287044,ZL-00388,2024-12,Gewerbe,81,177.06172839506172,176.12881344549893,0.932914949562786,0.932914949562786,14342.0,14266.433889085414,75.5661109145858,False,False,False,False
51,0.03650680028632784,ZL-00360,2024-11,Gewerbe,41,151.5121951219512,150.53239961796228,0.9797955039889246,0.9797955039889246,6212.0,6171.828384336453,40.17161566354662,False,False,False,False
52,0.03722261989978525,ZL-00395,2024-11,Industrie,692,206.9523121387284,207.9503014840774,-0.9979893453489979,0.9979893453489979,143211.0,143901.60862698156,-690.6086269815569,False,False,False,False
53,0.03793843951324266,ZL-00445,2024-11,Gewerbe,20,106.9,107.94979891287466,-1.0497989128746497,1.0497989128746497,2138.0,2158.9959782574933,-20.995978257493334,False,False,False,False
54,0.03865425912670007,ZL-00242,2024-12,Gewerbe,39,99.66666666666669,98.60005075320299,1.0666159134636928,1.0666159134636928,3887.0,3845.4019793749167,41.598020625083336,False,False,False,False
55,0.03937007874015748,ZL-00419,2024-12,Gewerbe,42,208.3571428571429,207.27761905126806,1.0795238058748282,1.0795238058748282,8751.0,8705.660000153259,45.33999984674119,False,False,False,False
56,0.04008589835361489,ZL-00155,2024-12,Industrie,418,201.05741626794256,202.15199532702994,-1.0945790590873798,1.0945790590873798,84042.0,84499.5340466985,-457.53404669850715,False,False,False,False
57,0.0408017179670723,ZL-00160,2024-11,Kommunal,119,224.76470588235293,225.88005932655548,-1.1153534442025546,1.1153534442025546,26747.0,26879.727059860103,-132.7270598601026,False,False,False,False
58,0.04151753758052971,ZL-00093,2024-12,Gewerbe,196,141.19387755102042,142.3425068778666,-1.1486293268461907,1.1486293268461907,27674.0,27899.131348061856,-225.13134806185553,False,False,False,False
59,0.04223335719398712,ZL-00345,2024-11,Gewerbe,168,166.3154761904762,167.4691827040612,-1.153706513585007,1.153706513585007,27941.0,28134.822694282284,-193.82269428228392,False,False,False,False
60,0.04294917680744453,ZL-00459,2024-12,Gewerbe,24,171.83333333333334,170.6769375061813,1.1563958271520391,1.1563958271520391,4124.0,4096.2465001483515,27.753499851648485,False,False,False,False
61,0.043664996420901936,ZL-00065,2024-11,Gewerbe,88,113.02272727272728,111.84482625173007,1.1779010209972114,1.1779010209972114,9946.0,9842.344710152247,103.65528984775301,False,False,False,False
62,0.04438081603435934,ZL-00172,2024-12,Industrie,311,174.1929260450161,175.3727452290944,-1.1798191840782977,1.1798191840782977,54174.0,54540.92376624836,-366.9237662483574,False,False,False,False
63,0.04509663564781675,ZL-00634,2024-11,Gewerbe,61,152.31147540983608,151.03564970290861,1.2758257069274634,1.2758257069274634,9291.0,9213.174631877426,77.82536812257422,False,False,False,False
64,0.04581245526127416,ZL-00361,2024-11,Gewerbe,67,95.61194029850746,96.89857754222717,-1.28663724371971,1.28663724371971,6406.0,6492.20469532922,-86.20469532922016,False,False,False,False
65,0.046528274874731566,ZL-00399,2024-11,Gewerbe,40,142.85,141.54752083502336,1.3024791649766314,1.3024791649766314,5714.0,5661.900833400934,52.09916659906594,False,False,False,False
66,0.047244094488188976,ZL-00662,2024-11,Industrie,209,194.44497607655504,195.78049200916988,-1.3355159326148396,1.3355159326148396,40639.0,40918.1228299165,-279.12282991650136,False,False,False,False
67,0.047959914101646385,ZL-00464,2024-11,Gewerbe,87,99.47126436781608,98.11738054871444,1.3538838191016396,1.3538838191016396,8654.0,8536.212107738156,117.78789226184381,False,False,False,False
68,0.048675733715103794,ZL-00497,2024-11,Industrie,302,201.6158940397351,200.2566858895099,1.3592081502252142,1.3592081502252142,60888.0,60477.519138631986,410.4808613680143,False,False,False,False
69,0.049391553328561204,ZL-00082,2024-11,Industrie,192,99.94791666666669,98.58391853117647,1.3639981354902204,1.3639981354902204,19190.0,18928.112357985883,261.88764201411686,False,False,False,False
70,0.05010737294201861,ZL-00182,2024-12,Gewerbe,44,136.6818181818182,135.31619966161443,1.3656185202037534,1.3656185202037534,6014.0,5953.912785111035,60.08721488896481,False,False,False,False
71,0.05082319255547602,ZL-00307,2024-12,Gewerbe,59,211.5593220338983,210.19066234239074,1.3686596915075597,1.3686596915075597,12482.0,12401.249078201054,80.75092179894637,False,False,False,False
72,0.05153901216893343,ZL-00552,2024-11,Industrie,245,186.0897959183673,187.4622221927398,-1.3724262743725149,1.3724262743725149,45592.0,45928.24443722125,-336.2444372212485,False,False,False,False
73,0.052254831782390834,ZL-00299,2024-12,Gewerbe,53,133.7924528301887,132.41893143240029,1.3735213977884086,1.3735213977884086,7091.0,7018.203365917215,72.7966340827852,False,False,False,False
74,0.052970651395848244,ZL-00516,2024-12,Gewerbe,87,105.80459770114942,107.1784731129987,-1.3738754118492835,1.3738754118492835,9205.0,9324.527160830887,-119.52716083088671,False,False,False,False
75,0.05368647100930565,ZL-00427,2024-12,Gewerbe,90,108.12222222222222,106.71371054856711,1.4085116736551129,1.4085116736551129,9731.0,9604.233949371039,126.76605062896124,False,False,False,False
76,0.05440229062276306,ZL-00123,2024-12,Gewerbe,55,98.85454545454546,97.41080977081543,1.4437356837300257,1.4437356837300257,5437.0,5357.594537394849,79.40546260515111,False,False,False,False
77,0.05511811023622047,ZL-00233,2024-11,Gewerbe,88,119.47727272727272,120.9440897608871,-1.466817033614376,1.466817033614376,10514.0,10643.079898958065,-129.07989895806531,False,False,False,False
78,0.05583392984967788,ZL-00613,2024-11,Industrie,276,140.07971014492753,141.58193425500338,-1.5022241100758436,1.5022241100758436,38662.0,39076.61385438093,-414.6138543809284,False,False,False,False
79,0.05654974946313529,ZL-00276,2024-11,Gewerbe,81,162.0493827160494,163.60012929220406,-1.5507465761546655,1.5507465761546655,13126.0,13251.610472668528,-125.61047266852802,False,False,False,False
80,0.0572655690765927,ZL-00624,2024-12,Gewerbe,64,99.046875,100.61003960109879,-1.5631646010987907,1.5631646010987907,6339.0,6439.042534470323,-100.04253447032261,False,False,False,False
81,0.05798138869005011,ZL-00659,2024-11,Gewerbe,57,167.7017543859649,169.26845277496258,-1.566698388997679,1.566698388997679,9559.0,9648.301808172868,-89.30180817286782,False,False,False,False
82,0.05869720830350752,ZL-00417,2024-12,Industrie,98,242.0204081632653,243.5894859773249,-1.5690778140595967,1.5690778140595967,23718.0,23871.76962577784,-153.7696257778407,False,False,False,False
83,0.05941302791696493,ZL-00228,2024-12,Industrie,493,201.0344827586207,202.6243270328773,-1.589844274256592,1.589844274256592,99110.0,99893.7932272085,-783.7932272085018,False,False,False,False
84,0.06012884753042233,ZL-00248,2024-12,Industrie,113,139.81415929203538,138.21577330031744,1.5983859917179473,1.5983859917179473,15799.0,15618.38238293587,180.61761706413017,False,False,False,False
85,0.06084466714387974,ZL-00574,2024-11,Industrie,370,198.3108108108108,196.70623161055948,1.6045792002513224,1.6045792002513224,73375.0,72781.30569590701,593.6943040929909,False,False,False,False
86,0.06156048675733715,ZL-00164,2024-12,Gewerbe,28,106.10714285714286,104.50250458951535,1.6046382676275073,1.6046382676275073,2971.0,2926.0701285064297,44.92987149357032,False,False,False,False
87,0.06227630637079456,ZL-00538,2024-12,Gewerbe,73,213.83561643835617,212.22640072022884,1.6092157181273308,1.6092157181273308,15610.0,15492.527252576705,117.472747423295,False,False,False,False
88,0.06299212598425197,ZL-00433,2024-11,Gewerbe,30,94.4,96.04324081548789,-1.6432408154878857,1.6432408154878857,2832.0,2881.2972244646367,-49.297224464636656,False,False,False,False
89,0.06370794559770938,ZL-00601,2024-12,Industrie,385,91.74025974025976,93.39366635419562,-1.6534066139358572,1.6534066139358572,35320.0,35956.561546365316,-636.5615463653157,False,False,False,False
90,0.06442376521116679,ZL-00253,2024-11,Gewerbe,57,114.56140350877192,116.26132162573292,-1.6999181169610011,1.6999181169610011,6530.0,6626.895332666776,-96.89533266677608,False,False,False,False
91,0.06513958482462419,ZL-00544,2024-11,Gewerbe,51,99.03921568627452,97.3224121508126,1.7168035354619207,1.7168035354619207,5051.0,4963.443019691443,87.55698030855729,False,False,False,False
92,0.0658554044380816,ZL-00102,2024-12,Gewerbe,50,106.84,108.59130083009379,-1.7513008300937827,1.7513008300937827,5342.0,5429.565041504689,-87.56504150468936,False,False,False,False
93,0.06657122405153901,ZL-00535,2024-11,Industrie,202,148.62871287128712,150.3966483104812,-1.7679354391940763,1.7679354391940763,30023.0,30380.122958717202,-357.122958717202,False,False,False,False
94,0.06728704366499642,ZL-00569,2024-11,Gewerbe,53,98.9245283018868,97.15545614500566,1.769072156881137,1.769072156881137,5243.0,5149.2391756853,93.76082431469968,False,False,False,False
95,0.06800286327845383,ZL-00220,2024-11,Gewerbe,144,218.19444444444449,216.40358589436494,1.7908585500795482,1.7908585500795482,31420.0,31162.11636878855,257.88363121145085,False,False,False,False
96,0.06871868289191124,ZL-00319,2024-11,Kommunal,70,154.4142857142857,152.56168760917643,1.85259810510928,1.85259810510928,10809.0,10679.318132642351,129.68186735764903,False,False,False,False
97,0.06943450250536864,ZL-00448,2024-12,Gewerbe,132,222.5757575757576,224.44565477080084,-1.8698971950432508,1.8698971950432508,29380.0,29626.82642974571,-246.8264297457099,False,False,False,False
98,0.07015032211882606,ZL-00565,2024-11,Kommunal,101,80.12871287128714,82.04894424380082,-1.9202313725136833,1.9202313725136833,8093.0,8286.943368623883,-193.94336862388263,False,False,False,False
99,0.07086614173228346,ZL-00147,2024-11,Gewerbe,49,116.12244897959184,118.04616966760778,-1.9237206880159476,1.9237206880159476,5690.0,5784.262313712781,-94.26231371278118,False,False,False,False
100,0.07158196134574088,ZL-00369,2024-11,Industrie,153,199.8496732026144,201.7897353960202,-1.9400621934057938,1.9400621934057938,30577.0,30873.829515591093,-296.8295155910928,False,False,False,False
101,0.07229778095919828,ZL-00116,2024-11,Gewerbe,34,179.73529411764707,181.6883296423015,-1.9530355246544389,1.9530355246544389,6111.0,6177.403207838252,-66.40320783825155,False,False,False,False
102,0.07301360057265568,ZL-00237,2024-12,Industrie,775,207.43870967741933,209.39777254526865,-1.959062867849326,1.959062867849326,160765.0,162283.2737225832,-1518.2737225831952,False,False,False,False
103,0.0737294201861131,ZL-00581,2024-11,Gewerbe,36,113.13888888888889,115.17021389503552,-2.0313250061466306,2.0313250061466306,4073.0,4146.127700221278,-73.12770022127825,False,False,False,False
104,0.0744452397995705,ZL-00633,2024-11,Gewerbe,202,162.98019801980195,160.88695596638803,2.093242053413917,2.093242053413917,32922.0,32499.16510521038,422.8348947896193,False,False,False,False
105,0.07516105941302792,ZL-00615,2024-12,Gewerbe,60,132.48333333333332,130.3655106527531,2.1178226805802183,2.1178226805802183,7949.0,7821.930639165186,127.06936083481378,False,False,False,False
106,0.07587687902648532,ZL-00646,2024-12,Gewerbe,38,121.26315789473684,119.13870895768193,2.1244489370549076,2.1244489370549076,4608.0,4527.270940391913,80.72905960808657,False,False,False,False
107,0.07659269863994274,ZL-00040,2024-11,Kommunal,99,215.42424242424244,213.2986692273876,2.1255731968548446,2.1255731968548446,21327.0,21116.56825351137,210.43174648862987,False,False,False,False
108,0.07730851825340014,ZL-00438,2024-12,Gewerbe,68,144.89705882352942,142.7585230838651,2.13853573966432,2.13853573966432,9853.0,9707.579569702826,145.42043029717388,False,False,False,False
109,0.07802433786685756,ZL-00492,2024-12,Gewerbe,37,100.5945945945946,98.39862172645658,2.195972868138014,2.195972868138014,3722.0,3640.7490038788937,81.25099612110625,False,False,False,False
110,0.07874015748031496,ZL-00580,2024-12,Gewerbe,48,120.70833333333331,118.50969545398861,2.1986378793447017,2.1986378793447017,5794.0,5688.465381791453,105.53461820854682,False,False,False,False
111,0.07945597709377238,ZL-00196,2024-11,Industrie,561,202.49376114082,200.29336100949814,2.2004001313218566,2.2004001313218566,113599.0,112364.57552632845,1234.4244736715482,False,False,False,False
112,0.08017179670722978,ZL-00663,2024-11,Gewerbe,56,94.46428571428572,96.66558370272573,-2.201297988440004,2.201297988440004,5290.0,5413.272687352641,-123.27268735264079,False,False,False,False
113,0.08088761632068718,ZL-00207,2024-11,Gewerbe,84,79.05952380952381,81.27961535401091,-2.2200915444871043,2.2200915444871043,6641.0,6827.487689736917,-186.48768973691676,False,False,False,False
114,0.0816034359341446,ZL-00075,2024-11,Gewerbe,29,176.55172413793105,178.7724422905562,-2.220718152625153,2.220718152625153,5120.0,5184.40082642613,-64.40082642613015,False,False,False,False
115,0.082319255547602,ZL-00107,2024-11,Kommunal,105,116.54285714285714,114.29419701834748,2.2486601245096693,2.2486601245096693,12237.0,12000.890686926485,236.1093130735153,False,False,False,False
116,0.08303507516105942,ZL-00567,2024-11,Kommunal,57,200.1929824561404,197.9427332091801,2.2502492469603226,2.2502492469603226,11411.0,11282.735792923266,128.26420707673424,False,False,False,False
117,0.08375089477451682,ZL-00007,2024-12,Kommunal,144,102.47916666666669,104.78977874723803,-2.310612080571346,2.310612080571346,14757.0,15089.728139602277,-332.7281396022772,False,False,False,False
118,0.08446671438797423,ZL-00534,2024-12,Gewerbe,49,212.42857142857144,210.0992838728639,2.3292875557075376,2.3292875557075376,10409.0,10294.864909770331,114.135090229669,False,False,False,False
119,0.08518253400143164,ZL-00582,2024-12,Industrie,82,90.42682926829268,92.76432993674158,-2.3375006684488966,2.3375006684488966,7415.0,7606.675054812809,-191.67505481280932,False,False,False,False
120,0.08589835361488905,ZL-00093,2024-11,Gewerbe,196,137.10204081632654,139.44788962363575,-2.34584880730921,2.34584880730921,26872.0,27331.786366232605,-459.78636623260536,False,False,False,False
121,0.08661417322834646,ZL-00322,2024-12,Industrie,297,98.74074074074076,96.38369430905306,2.3570464316877064,2.3570464316877064,29326.0,28625.957209788758,700.0427902112424,False,False,False,False
122,0.08732999284180387,ZL-00608,2024-11,Gewerbe,33,73.39393939393939,75.75745591533843,-2.363516521399035,2.363516521399035,2422.0,2499.996045206168,-77.99604520616822,False,False,False,False
123,0.08804581245526127,ZL-00691,2024-11,Gewerbe,28,95.32142857142856,97.70143595562078,-2.3800073841922256,2.3800073841922256,2669.0,2735.6402067573817,-66.64020675738175,False,False,False,False
124,0.08876163206871868,ZL-00066,2024-11,Industrie,172,96.69186046511628,99.07300861833913,-2.3811481532228527,2.3811481532228527,16631.0,17040.557482354332,-409.557482354332,False,False,False,False
125,0.08947745168217609,ZL-00283,2024-11,Gewerbe,50,218.86,221.32474115572316,-2.4647411557231464,2.4647411557231464,10943.0,11066.237057786158,-123.2370577861584,False,False,False,False
126,0.0901932712956335,ZL-00159,2024-12,Industrie,88,193.9659090909091,191.4908988897001,2.4750102012089883,2.4750102012089883,17069.0,16851.19910229361,217.80089770639097,False,False,False,False
127,0.09090909090909091,ZL-00135,2024-11,Gewerbe,47,94.55319148936172,97.03154047966346,-2.4783489903017397,2.4783489903017397,4444.0,4560.482402544183,-116.48240254418306,False,False,False,False
128,0.09162491052254831,ZL-00379,2024-11,Industrie,388,142.08247422680412,139.5984119579791,2.484062268825028,2.484062268825028,55128.0,54164.18383969589,963.816160304108,False,False,False,False
129,0.09234073013600573,ZL-00270,2024-12,Gewerbe,70,177.27142857142857,174.7782605286165,2.493168042812073,2.493168042812073,12409.0,12234.478237003155,174.5217629968447,False,False,False,False
130,0.09305654974946313,ZL-00291,2024-11,Industrie,117,103.98290598290598,101.42072864854721,2.562177334358765,2.562177334358765,12166.0,11866.225251880023,299.7747481199767,False,False,False,False
131,0.09377236936292055,ZL-00049,2024-11,Gewerbe,40,140.125,137.53899019324288,2.5860098067571187,2.5860098067571187,5605.0,5501.559607729715,103.44039227028497,False,False,False,False
132,0.09448818897637795,ZL-00001,2024-11,Gewerbe,186,99.47849462365592,96.88681583396469,2.5916787896912297,2.5916787896912297,18503.0,18020.94774511743,482.0522548825684,False,False,False,False
133,0.09520400858983537,ZL-00407,2024-12,Gewerbe,41,114.58536585365852,111.98917197319147,2.596193880467041,2.596193880467041,4698.0,4591.55605090085,106.4439490991499,False,False,False,False
134,0.09591982820329277,ZL-00514,2024-11,Kommunal,113,165.1238938053097,167.72688783120907,-2.6029940258993634,2.6029940258993634,18659.0,18953.138324926626,-294.1383249266255,False,False,False,False
135,0.09663564781675017,ZL-00110,2024-11,Industrie,381,94.2992125984252,91.67005062883757,2.629161969587628,2.629161969587628,35928.0,34926.28928958711,1001.7107104128881,False,False,False,False
136,0.09735146743020759,ZL-00149,2024-12,Kommunal,161,129.93788819875778,127.2928888999696,2.6449992987881785,2.6449992987881785,20920.0,20494.155112895107,425.84488710489313,False,False,False,False
137,0.09806728704366499,ZL-00532,2024-11,Industrie,283,164.8374558303887,167.48330976397736,-2.645853933588654,2.645853933588654,46649.0,47397.776663205594,-748.7766632055936,False,False,False,False
138,0.09878310665712241,ZL-00165,2024-12,Industrie,445,201.91460674157304,199.26292421927965,2.6516825222933846,2.6516825222933846,89852.0,88672.00127757945,1179.9987224205543,False,False,False,False
139,0.09949892627057981,ZL-00148,2024-11,Industrie,719,198.1682892906815,195.5012674581377,2.66702183254381,2.66702183254381,142483.0,140565.41130240101,1917.5886975989852,False,False,False,False
140,0.10021474588403723,ZL-00532,2024-12,Industrie,283,175.4310954063604,172.70783286035618,2.7232625460042357,2.7232625460042357,49647.0,48876.3166994808,770.683300519202,False,False,False,False
141,0.10093056549749463,ZL-00588,2024-11,Kommunal,76,89.10526315789474,91.84855310202988,-2.7432899441351424,2.7432899441351424,6772.0,6980.490035754271,-208.49003575427105,False,False,False,False
142,0.10164638511095204,ZL-00401,2024-11,Gewerbe,25,125.52,128.27002452771092,-2.75002452771092,2.75002452771092,3138.0,3206.750613192773,-68.75061319277302,False,False,False,False
143,0.10236220472440945,ZL-00678,2024-11,Industrie,157,95.27388535031848,98.11088026359485,-2.8369949132763708,2.8369949132763708,14958.0,15403.40820138439,-445.40820138439085,False,False,False,False
144,0.10307802433786686,ZL-00396,2024-12,Gewerbe,69,108.76811594202898,105.91940851284744,2.8487074291815446,2.8487074291815446,7505.0,7308.439187386473,196.56081261352665,False,False,False,False
145,0.10379384395132427,ZL-00224,2024-11,Gewerbe,73,173.05479452054794,170.19307025386013,2.8617242666878155,2.8617242666878155,12633.0,12424.09412853179,208.90587146821053,False,False,False,False
146,0.10450966356478167,ZL-00269,2024-11,Gewerbe,58,131.10344827586206,133.96561267432546,-2.862164398463392,2.862164398463392,7604.0,7770.005535110877,-166.00553511087674,False,False,False,False
147,0.10522548317823908,ZL-00435,2024-11,Gewerbe,24,96.45833333333331,93.59577514144195,2.8625581918913667,2.8625581918913667,2315.0,2246.2986033946067,68.70139660539326,False,False,False,False
148,0.10594130279169649,ZL-00418,2024-11,Industrie,76,166.60526315789474,163.72475058632833,2.8805125715664133,2.8805125715664133,12662.0,12443.081044560953,218.91895543904684,False,False,False,False
149,0.1066571224051539,ZL-00536,2024-12,Gewerbe,52,196.69230769230768,199.58624665799863,-2.8939389656909498,2.8939389656909498,10228.0,10378.484826215928,-150.48482621592848,False,False,False,False
150,0.1073729420186113,ZL-00539,2024-11,Gewerbe,70,186.28571428571428,189.18730606701095,-2.9015917812966734,2.9015917812966734,13040.0,13243.111424690767,-203.1114246907673,False,False,False,False
151,0.10808876163206872,ZL-00496,2024-12,Industrie,393,113.50636132315522,110.53214948597376,2.974211837181457,2.974211837181457,44608.0,43439.134747987686,1168.8652520123142,False,False,False,False
152,0.10880458124552612,ZL-00389,2024-12,Gewerbe,28,128.5,125.49302469384314,3.0069753061568605,3.0069753061568605,3598.0,3513.804691427608,84.19530857239215,False,False,False,False
153,0.10952040085898354,ZL-00486,2024-12,Kommunal,63,102.66666666666669,99.64660868076882,3.0200579858978642,3.0200579858978642,6468.0,6277.736346888436,190.26365311156405,False,False,False,False
154,0.11023622047244094,ZL-00203,2024-11,Kommunal,83,93.57831325301204,96.60538758523943,-3.027074332227386,3.027074332227386,7767.0,8018.247169574873,-251.24716957487271,False,False,False,False
155,0.11095204008589836,ZL-00523,2024-12,Industrie,741,111.94197031039135,114.97600113007711,-3.0340308196857535,3.0340308196857535,82949.0,85197.21683738714,-2248.216837387139,False,False,False,False
156,0.11166785969935576,ZL-00216,2024-12,Industrie,303,218.7161716171617,215.6300928247901,3.086078792371609,3.086078792371609,66271.0,65335.9181259114,935.0818740886025,False,False,False,False
157,0.11238367931281316,ZL-00689,2024-11,Industrie,353,210.628895184136,213.76790058335106,-3.1390053992150513,3.1390053992150513,74352.0,75460.06890592292,-1108.068905922919,False,False,False,False
158,0.11309949892627058,ZL-00161,2024-12,Industrie,295,173.22033898305085,176.42015134013113,-3.199812357080276,3.199812357080276,51100.0,52043.944645338684,-943.9446453386845,False,False,False,False
159,0.11381531853972798,ZL-00614,2024-11,Gewerbe,90,94.37777777777778,97.6093890100914,-3.2316112323136252,3.2316112323136252,8494.0,8784.845010908226,-290.84501090822596,False,False,False,False
160,0.1145311381531854,ZL-00219,2024-12,Kommunal,64,191.21875,187.97188523614437,3.2468647638556263,3.2468647638556263,12238.0,12030.20065511324,207.79934488676008,False,False,False,False
161,0.1152469577666428,ZL-00306,2024-11,Gewerbe,24,92.58333333333331,95.85237434701259,-3.2690410136792707,3.2690410136792707,2222.0,2300.456984328302,-78.45698432830204,False,False,False,False
162,0.11596277738010022,ZL-00411,2024-12,Gewerbe,59,168.66101694915255,165.3832663451387,3.277750604013846,3.277750604013846,9951.0,9757.612714363184,193.38728563681616,False,False,False,False
163,0.11667859699355762,ZL-00501,2024-12,Industrie,144,188.09027777777777,191.3698671480679,-3.2795893702901253,3.2795893702901253,27085.0,27557.260869321777,-472.26086932177714,False,False,False,False
164,0.11739441660701504,ZL-00113,2024-11,Industrie,239,97.581589958159,94.24926039553672,3.3323295626222773,3.3323295626222773,23322.0,22525.573234533276,796.4267654667237,False,False,False,False
165,0.11811023622047244,ZL-00529,2024-11,Gewerbe,99,92.42424242424242,95.76160435114446,-3.337361926902034,3.337361926902034,9150.0,9480.3988307633,-330.3988307633008,False,False,False,False
166,0.11882605583392986,ZL-00626,2024-11,Industrie,424,191.6320754716981,194.9741358886871,-3.342060416989,3.342060416989,81252.0,82669.03361680332,-1417.0336168033245,False,False,False,False
167,0.11954187544738726,ZL-00399,2024-12,Gewerbe,40,145.35,141.94796450802406,3.402035491975937,3.402035491975937,5814.0,5677.918580320962,136.08141967903794,False,False,False,False
168,0.12025769506084466,ZL-00564,2024-12,Industrie,266,199.2593984962406,202.6774083524672,-3.418009856226604,3.418009856226604,53003.0,53912.19062175628,-909.1906217562791,False,False,False,False
169,0.12097351467430208,ZL-00385,2024-11,Gewerbe,92,90.3695652173913,93.81115877157252,-3.4415935541812246,3.4415935541812246,8314.0,8630.626606984672,-316.6266069846715,False,False,False,False
170,0.12168933428775948,ZL-00027,2024-12,Industrie,376,90.05851063829788,86.61544372238374,3.4430669159141303,3.4430669159141303,33862.0,32567.406839616287,1294.5931603837125,False,False,False,False
171,0.1224051539012169,ZL-00325,2024-11,Industrie,281,159.85053380782918,156.40246665212376,3.4480671557054166,3.4480671557054166,44918.0,43949.09312924678,968.9068707532206,False,False,False,False
172,0.1231209735146743,ZL-00531,2024-11,Industrie,408,125.43382352941175,121.9782118821585,3.4556116472532494,3.4556116472532494,51177.0,49767.11044792067,1409.8895520793303,False,False,False,False
173,0.12383679312813171,ZL-00134,2024-11,Gewerbe,57,117.21052631578948,120.76264946072524,-3.552123144935763,3.552123144935763,6681.0,6883.471019261338,-202.47101926133837,False,False,False,False
174,0.12455261274158912,ZL-00407,2024-11,Gewerbe,41,112.3170731707317,115.8755448464301,-3.5584716756983994,3.5584716756983994,4605.0,4750.897338703634,-145.89733870363398,False,False,False,False
175,0.12526843235504653,ZL-00559,2024-12,Gewerbe,59,101.57627118644068,105.1347895968562,-3.558518410415516,3.558518410415516,5993.0,6202.952586214516,-209.95258621451558,False,False,False,False
176,0.12598425196850394,ZL-00043,2024-11,Industrie,323,132.3250773993808,128.70871041399465,3.6163669853861506,3.6163669853861506,42741.0,41572.91346372027,1168.0865362797267,False,False,False,False
177,0.12670007158196134,ZL-00033,2024-11,Gewerbe,56,153.69642857142858,150.06063627077197,3.635792300656618,3.635792300656618,8607.0,8403.39563116323,203.60436883676994,False,False,False,False
178,0.12741589119541877,ZL-00462,2024-12,Industrie,164,150.9390243902439,147.21438167772476,3.7246427125191417,3.7246427125191417,24754.0,24143.15859514686,610.8414048531413,False,False,False,False
179,0.12813171080887617,ZL-00226,2024-12,Gewerbe,37,178.21621621621622,174.4682429778989,3.7479732383173143,3.7479732383173143,6594.0,6455.32499018226,138.67500981773992,False,False,False,False
180,0.12884753042233357,ZL-00006,2024-12,Gewerbe,52,151.48076923076923,155.2867030107101,-3.8059337799408866,3.8059337799408866,7877.0,8074.908556556926,-197.90855655692576,False,False,False,False
181,0.12956335003579098,ZL-00037,2024-12,Gewerbe,33,168.4848484848485,172.30642838714405,-3.8215799022955537,3.8215799022955537,5560.0,5686.112136775754,-126.11213677575415,False,False,False,False
182,0.13027916964924838,ZL-00052,2024-11,Gewerbe,33,172.36363636363637,168.49865326088883,3.8649831027475443,3.8649831027475443,5688.0,5560.455557609332,127.54444239066834,False,False,False,False
183,0.1309949892627058,ZL-00313,2024-12,Industrie,608,135.67927631578948,139.54614102213625,-3.8668647063467745,3.8668647063467745,82493.0,84844.05374145885,-2351.053741458847,False,False,False,False
184,0.1317108088761632,ZL-00010,2024-12,Gewerbe,51,100.47058823529412,96.60272393784625,3.8678642974478663,3.8678642974478663,5124.0,4926.738920830158,197.26107916984165,False,False,False,False
185,0.1324266284896206,ZL-00541,2024-11,Gewerbe,52,224.21153846153845,220.32995220581302,3.8815862557254377,3.8815862557254377,11659.0,11457.157514702278,201.8424852977223,False,False,False,False
186,0.13314244810307801,ZL-00034,2024-11,Kommunal,65,219.43076923076924,223.31261400859188,-3.8818447778226357,3.8818447778226357,14263.0,14515.319910558472,-252.31991055847175,False,False,False,False
187,0.13385826771653545,ZL-00477,2024-11,Gewerbe,24,97.0,100.88934661747267,-3.8893466174726683,3.8893466174726683,2328.0,2421.344318819344,-93.34431881934415,False,False,False,False
188,0.13457408732999285,ZL-00549,2024-11,Industrie,452,231.90265486725664,227.94990689504687,3.952747972209778,3.952747972209778,104820.0,103033.35791656119,1786.6420834388118,False,False,False,False
189,0.13528990694345025,ZL-00522,2024-11,Gewerbe,54,114.16666666666669,118.13871016147932,-3.972043494812638,3.972043494812638,6165.0,6379.4903487198835,-214.4903487198835,False,False,False,False
190,0.13600572655690765,ZL-00651,2024-12,Gewerbe,30,126.66666666666669,130.65232031942298,-3.985653652756298,3.985653652756298,3800.0,3919.5696095826897,-119.56960958268974,False,False,False,False
191,0.13672154617036505,ZL-00296,2024-11,Gewerbe,92,126.8586956521739,122.86910840465163,3.9895872475222802,3.9895872475222802,11671.0,11303.957973227949,367.04202677205103,False,False,False,False
192,0.13743736578382248,ZL-00158,2024-11,Kommunal,75,123.38666666666668,119.37698363527427,4.009683031392413,4.009683031392413,9254.0,8953.27377264557,300.7262273544293,False,False,False,False
193,0.1381531853972799,ZL-00452,2024-11,Industrie,186,99.46236559139786,95.45144144462554,4.010924146772311,4.010924146772311,18500.0,17753.968108700352,746.0318912996481,False,False,False,False
194,0.1388690050107373,ZL-00693,2024-11,Gewerbe,20,125.05,121.02500596689174,4.024994033108257,4.024994033108257,2501.0,2420.500119337835,80.4998806621652,False,False,False,False
195,0.1395848246241947,ZL-00493,2024-11,Gewerbe,37,217.7027027027027,213.6371871557887,4.065515546914014,4.065515546914014,8055.0,7904.575924764182,150.42407523581824,False,False,False,False
196,0.14030064423765212,ZL-00186,2024-11,Gewerbe,105,79.52380952380952,83.58970863198668,-4.065899108177163,4.065899108177163,8350.0,8776.919406358602,-426.9194063586019,False,False,False,False
197,0.14101646385110952,ZL-00306,2024-12,Gewerbe,24,97.66666666666669,101.79662256408565,-4.1299558974189665,4.1299558974189665,2344.0,2443.118941538056,-99.11894153805588,False,False,False,False
198,0.14173228346456693,ZL-00094,2024-11,Gewerbe,29,114.24137931034484,118.37932746736517,-4.1379481570203325,4.1379481570203325,3313.0,3433.00049655359,-120.00049655358998,False,False,False,False
199,0.14244810307802433,ZL-00206,2024-11,Gewerbe,135,137.2074074074074,141.35289438459296,-4.145486977185556,4.145486977185556,18523.0,19082.640741920048,-559.6407419200477,False,False,False,False
200,0.14316392269148176,ZL-00519,2024-11,Gewerbe,70,88.8,92.95754856772628,-4.1575485677262805,4.1575485677262805,6216.0,6507.02839974084,-291.02839974083963,False,False,False,False
201,0.14387974230493916,ZL-00261,2024-12,Gewerbe,29,152.0,147.84155060030776,4.158449399692245,4.158449399692245,4408.0,4287.404967408925,120.59503259107532,False,False,False,False
202,0.14459556191839656,ZL-00666,2024-12,Kommunal,113,168.53097345132744,172.6966070797607,-4.165633628433255,4.165633628433255,19044.0,19514.71660001296,-470.7166000129582,False,False,False,False
203,0.14531138153185397,ZL-00040,2024-12,Kommunal,99,206.3131313131313,210.4894038572252,-4.176272544093905,4.176272544093905,20425.0,20838.450981865295,-413.45098186529503,False,False,False,False
204,0.14602720114531137,ZL-00473,2024-11,Kommunal,123,140.84552845528455,136.63204033399109,4.213488121293466,4.213488121293466,17324.0,16805.740961080905,518.2590389190955,False,False,False,False
205,0.1467430207587688,ZL-00571,2024-12,Gewerbe,45,95.64444444444445,91.40407374055759,4.240370703886853,4.240370703886853,4304.0,4113.183318325092,190.81668167490807,False,False,False,False
206,0.1474588403722262,ZL-00622,2024-11,Industrie,159,130.55345911949686,134.80081924810378,-4.247360128606914,4.247360128606914,20758.0,21433.3302604485,-675.3302604484998,False,False,False,False
207,0.1481746599856836,ZL-00268,2024-11,Industrie,333,100.37237237237235,96.07635827315148,4.296014099220869,4.296014099220869,33424.0,31993.427304959445,1430.5726950405551,False,False,False,False
208,0.148890479599141,ZL-00258,2024-12,Gewerbe,38,125.3157894736842,120.9971596219055,4.318629851778709,4.318629851778709,4762.0,4597.892065632409,164.10793436759104,False,False,False,False
209,0.14960629921259844,ZL-00544,2024-12,Gewerbe,51,103.5686274509804,99.24556870552804,4.323058745452357,4.323058745452357,5282.0,5061.52400398193,220.47599601806996,False,False,False,False
210,0.15032211882605584,ZL-00054,2024-11,Industrie,219,104.28767123287672,108.68156156600259,-4.393890333125867,4.393890333125867,22839.0,23801.261982954566,-962.2619829545656,False,False,False,False
211,0.15103793843951324,ZL-00602,2024-12,Industrie,581,131.11015490533563,135.5067139877168,-4.396559082381174,4.396559082381174,76175.0,78729.40082686346,-2554.4008268634643,False,False,False,False
212,0.15175375805297064,ZL-00565,2024-12,Kommunal,101,103.96039603960396,108.36484595932627,-4.40444991972231,4.40444991972231,10500.0,10944.849441891954,-444.8494418919545,False,False,False,False
213,0.15246957766642805,ZL-00352,2024-12,Kommunal,105,159.72380952380954,155.31797979947248,4.405829724337053,4.405829724337053,16771.0,16308.38787894461,462.61212105539016,False,False,False,False
214,0.15318539727988548,ZL-00198,2024-12,Gewerbe,61,220.2295081967213,215.8041652000174,4.425342996703904,4.425342996703904,13434.0,13164.05407720106,269.94592279893914,False,False,False,False
215,0.15390121689334288,ZL-00180,2024-11,Gewerbe,87,94.47126436781608,90.04210971961325,4.429154648202825,4.429154648202825,8219.0,7833.663545606353,385.3364543936468,False,False,False,False
216,0.15461703650680028,ZL-00648,2024-11,Gewerbe,66,114.92424242424242,110.48704734900048,4.437195075241945,4.437195075241945,7585.0,7292.1451250340315,292.8548749659685,False,False,False,False
217,0.15533285612025768,ZL-00154,2024-12,Gewerbe,129,208.9922480620155,213.43222026223097,-4.439972200215465,4.439972200215465,26960.0,27532.756413827796,-572.7564138277958,False,False,False,False
218,0.15604867573371511,ZL-00060,2024-12,Gewerbe,80,135.8625,131.41125946231347,4.4512405376865445,4.4512405376865445,10869.0,10512.900756985076,356.09924301492356,False,False,False,False
219,0.15676449534717252,ZL-00481,2024-12,Industrie,116,120.81896551724138,116.35635178220133,4.462613735040051,4.462613735040051,14015.0,13497.336806735355,517.6631932646451,False,False,False,False
220,0.15748031496062992,ZL-00274,2024-12,Industrie,290,113.59310344827588,118.07947439121203,-4.486370942936148,4.486370942936148,32942.0,34243.04757345149,-1301.0475734514912,False,False,False,False
221,0.15819613457408732,ZL-00380,2024-12,Industrie,96,153.11458333333334,157.65653578823586,-4.541952454902514,4.541952454902514,14699.0,15135.027435670643,-436.0274356706432,False,False,False,False
222,0.15891195418754475,ZL-00272,2024-11,Kommunal,35,130.54285714285714,125.99630712451726,4.546550018339886,4.546550018339886,4569.0,4409.870749358104,159.12925064189585,False,False,False,False
223,0.15962777380100215,ZL-00699,2024-11,Gewerbe,58,197.77586206896552,202.33279280466442,-4.556930735698899,4.556930735698899,11471.0,11735.301982670537,-264.30198267053674,False,False,False,False
224,0.16034359341445956,ZL-00480,2024-11,Gewerbe,52,209.28846153846155,213.87658262647008,-4.588121088008535,4.588121088008535,10883.0,11121.582296576444,-238.5822965764437,False,False,False,False
225,0.16105941302791696,ZL-00470,2024-11,Industrie,339,198.77581120943952,203.40825113944513,-4.632439930005603,4.632439930005603,67385.0,68955.3971362719,-1570.3971362719021,False,False,False,False
226,0.16177523264137436,ZL-00224,2024-12,Gewerbe,73,181.2739726027397,185.93075178265835,-4.656779179918658,4.656779179918658,13233.0,13572.944880134059,-339.9448801340586,False,False,False,False
227,0.1624910522548318,ZL-00041,2024-12,Gewerbe,50,127.6,122.89990181002518,4.70009818997481,4.70009818997481,6380.0,6144.995090501259,235.00490949874074,False,False,False,False
228,0.1632068718682892,ZL-00176,2024-12,Gewerbe,109,123.29357798165138,118.57664247222591,4.716935509425468,4.716935509425468,13439.0,12924.854029472624,514.1459705273755,False,False,False,False
229,0.1639226914817466,ZL-00085,2024-12,Gewerbe,41,132.26829268292684,127.54362596609586,4.724666716830981,4.724666716830981,5423.0,5229.2886646099305,193.7113353900695,False,False,False,False
230,0.164638511095204,ZL-00597,2024-12,Gewerbe,61,216.1967213114754,211.41124799776205,4.785473313713339,4.785473313713339,13188.0,12896.086127863486,291.9138721365143,False,False,False,False
231,0.16535433070866143,ZL-00050,2024-12,Gewerbe,48,99.54166666666669,104.36195639126925,-4.82028972460256,4.82028972460256,4778.0,5009.373906780924,-231.3739067809238,False,False,False,False
232,0.16607015032211883,ZL-00520,2024-11,Gewerbe,27,106.4074074074074,101.57818444119208,4.829222966215326,4.829222966215326,2873.0,2742.610979912186,130.38902008781406,False,False,False,False
233,0.16678596993557623,ZL-00186,2024-12,Gewerbe,105,101.2190476190476,96.38016529664736,4.838882322400238,4.838882322400238,10628.0,10119.917356147973,508.0826438520271,False,False,False,False
234,0.16750178954903364,ZL-00453,2024-11,Gewerbe,89,138.31460674157304,133.47408312338973,4.840523618183312,4.840523618183312,12310.0,11879.193397981686,430.80660201831415,False,False,False,False
235,0.16821760916249104,ZL-00687,2024-11,Industrie,565,173.57345132743362,168.7089790478941,4.8644722795395126,4.8644722795395126,98069.0,95320.57316206017,2748.4268379398272,False,False,False,False
236,0.16893342877594847,ZL-00010,2024-11,Gewerbe,51,82.70588235294117,87.57956143728634,-4.87367908434517,4.87367908434517,4218.0,4466.557633301603,-248.55763330160335,False,False,False,False
237,0.16964924838940587,ZL-00528,2024-11,Gewerbe,68,211.0441176470588,215.948148654617,-4.9040310075581885,4.9040310075581885,14351.0,14684.474108513956,-333.4741085139558,False,False,False,False
238,0.17036506800286327,ZL-00046,2024-12,Gewerbe,119,127.60504201680672,122.69594273353601,4.909099283270706,4.909099283270706,15185.0,14600.817185290785,584.1828147092147,False,False,False,False
239,0.17108088761632068,ZL-00331,2024-11,Gewerbe,119,125.36974789915966,130.40718693246438,-5.037439033304722,5.037439033304722,14919.0,15518.455244963261,-599.4552449632611,False,False,False,False
240,0.1717967072297781,ZL-00389,2024-11,Gewerbe,28,116.32142857142856,121.36784831282853,-5.046419741399973,5.046419741399973,3257.0,3398.299752759199,-141.29975275919878,False,False,False,False
241,0.1725125268432355,ZL-00129,2024-12,Kommunal,94,219.2765957446809,214.2292628069577,5.0473329377231835,5.0473329377231835,20612.0,20137.550703854024,474.4492961459764,False,False,False,False
242,0.1732283464566929,ZL-00232,2024-11,Gewerbe,77,112.49350649350647,107.43571234171374,5.057794151792734,5.057794151792734,8662.0,8272.549850311958,389.4501496880421,False,False,False,False
243,0.1739441660701503,ZL-00681,2024-11,Industrie,761,84.75427069645204,89.8283020560545,-5.074031359602458,5.074031359602458,64498.0,68359.33786465747,-3861.337864657471,False,False,False,False
244,0.17465998568360774,ZL-00489,2024-11,Kommunal,56,92.92857142857144,98.0552672435753,-5.126695815003856,5.126695815003856,5204.0,5491.094965640217,-287.0949656402172,False,False,False,False
245,0.17537580529706515,ZL-00617,2024-11,Industrie,217,186.16129032258064,181.02445591584774,5.136834406732902,5.136834406732902,40397.0,39282.30693373896,1114.6930662610393,False,False,False,False
246,0.17609162491052255,ZL-00554,2024-11,Gewerbe,37,96.1891891891892,91.01870605415526,5.170483135033933,5.170483135033933,3559.0,3367.6921240037445,191.30787599625546,False,False,False,False
247,0.17680744452397995,ZL-00153,2024-12,Gewerbe,43,209.0,214.19114432261685,-5.19114432261685,5.19114432261685,8987.0,9210.219205872525,-223.21920587252498,False,False,False,False
248,0.17752326413743735,ZL-00187,2024-11,Industrie,304,93.29934210526316,98.52802925647967,-5.228687151216505,5.228687151216505,28363.0,29952.52089396982,-1589.5208939698205,False,False,False,False
249,0.17823908375089478,ZL-00012,2024-12,Gewerbe,25,132.12,126.88126189986323,5.238738100136771,5.238738100136771,3303.0,3172.031547496581,130.96845250341903,False,False,False,False
250,0.17895490336435219,ZL-00375,2024-11,Gewerbe,59,141.42372881355934,136.12529718765447,5.298431625904868,5.298431625904868,8344.0,8031.392534071613,312.6074659283868,False,False,False,False
251,0.1796707229778096,ZL-00384,2024-11,Gewerbe,23,94.95652173913044,100.25839375483709,-5.30187201570665,5.30187201570665,2184.0,2305.943056361253,-121.94305636125318,False,False,False,False
252,0.180386542591267,ZL-00487,2024-12,Industrie,375,214.7333333333333,220.05225079215424,-5.318917458820948,5.318917458820948,80525.0,82519.59404705784,-1994.5940470578353,False,False,False,False
253,0.18110236220472442,ZL-00128,2024-11,Industrie,408,220.8333333333333,226.15945522933288,-5.3261218959995915,5.3261218959995915,90100.0,92273.05773356781,-2173.05773356781,False,False,False,False
254,0.18181818181818182,ZL-00009,2024-11,Gewerbe,76,95.63157894736842,90.27681975583526,5.354759191533162,5.354759191533162,7268.0,6861.03830144348,406.9616985565199,False,False,False,False
255,0.18253400143163923,ZL-00610,2024-11,Gewerbe,81,229.3703703703704,234.74723824107053,-5.376867870700124,5.376867870700124,18579.0,19014.526297526714,-435.5262975267142,False,False,False,False
256,0.18324982104509663,ZL-00044,2024-12,Gewerbe,41,197.14634146341464,191.75479725545324,5.391544207961402,5.391544207961402,8083.0,7861.946687473583,221.05331252641736,False,False,False,False
257,0.18396564065855406,ZL-00253,2024-12,Gewerbe,57,130.28070175438597,124.87383649806581,5.40686525632016,5.40686525632016,7426.0,7117.808680389751,308.1913196102487,False,False,False,False
258,0.18468146027201146,ZL-00083,2024-11,Kommunal,75,95.4,100.8139751955814,-5.413975195581401,5.413975195581401,7155.0,7561.0481396686055,-406.0481396686055,False,False,False,False
259,0.18539727988546886,ZL-00240,2024-11,Gewerbe,58,183.6034482758621,178.1372178438545,5.466230432007592,5.466230432007592,10649.0,10331.958634943561,317.04136505643874,False,False,False,False
260,0.18611309949892627,ZL-00109,2024-12,Kommunal,54,162.5185185185185,157.04129818911827,5.4772203294002395,5.4772203294002395,8776.0,8480.230102212387,295.76989778761344,False,False,False,False
261,0.18682891911238367,ZL-00109,2024-11,Kommunal,54,151.61111111111111,146.1319724963211,5.479138614790003,5.479138614790003,8187.0,7891.12651480134,295.8734851986601,False,False,False,False
262,0.1875447387258411,ZL-00103,2024-11,Gewerbe,27,81.11111111111111,75.58896201800313,5.522149093107984,5.522149093107984,2190.0,2040.9019744860846,149.09802551391545,False,False,False,False
263,0.1882605583392985,ZL-00537,2024-12,Gewerbe,58,164.94827586206895,170.50155795971088,-5.553282097641926,5.553282097641926,9567.0,9889.090361663231,-322.0903616632313,False,False,False,False
264,0.1889763779527559,ZL-00152,2024-11,Industrie,568,86.00880281690141,91.56489842190561,-5.556095605004202,5.556095605004202,48853.0,52008.86230364239,-3155.8623036423887,False,False,False,False
265,0.1896921975662133,ZL-00210,2024-11,Gewerbe,35,149.88571428571427,144.3139437636116,5.571770522102668,5.571770522102668,5246.0,5050.988031726406,195.011968273594,False,False,False,False
266,0.19040801717967074,ZL-00048,2024-11,Industrie,165,180.0969696969697,185.68528013225912,-5.588310435289429,5.588310435289429,29716.0,30638.071221822756,-922.0712218227563,False,False,False,False
267,0.19112383679312814,ZL-00505,2024-11,Industrie,235,218.2468085106383,223.85131577727861,-5.604507266640326,5.604507266640326,51288.0,52605.05920766047,-1317.0592076604735,False,False,False,False
268,0.19183965640658554,ZL-00265,2024-12,Gewerbe,59,220.7627118644068,215.08601506193793,5.676696802468882,5.676696802468882,13025.0,12690.074888654337,334.925111345663,False,False,False,False
269,0.19255547602004294,ZL-00194,2024-12,Industrie,192,155.95833333333334,150.23741883392523,5.72091449940811,5.72091449940811,29944.0,28845.584416113645,1098.4155838863553,False,False,False,False
270,0.19327129563350035,ZL-00454,2024-12,Industrie,349,174.08022922636104,179.81465884914095,-5.734429622779913,5.734429622779913,60754.0,62755.31593835019,-2001.3159383501916,False,False,False,False
271,0.19398711524695778,ZL-00486,2024-11,Kommunal,63,101.23809523809524,95.49902888694498,5.739066351150257,5.739066351150257,6378.0,6016.438819877534,361.5611801224659,False,False,False,False
272,0.19470293486041518,ZL-00270,2024-11,Gewerbe,70,171.94285714285715,166.1952026834433,5.7476544594138375,5.7476544594138375,12036.0,11633.664187841032,402.3358121589681,False,False,False,False
273,0.19541875447387258,ZL-00466,2024-11,Industrie,231,215.7012987012987,221.46469950260183,-5.763400801303135,5.763400801303135,49827.0,51158.34558510102,-1331.3455851010222,False,False,False,False
274,0.19613457408732998,ZL-00020,2024-11,Kommunal,80,231.7875,225.98113936302724,5.806360636972755,5.806360636972755,18543.0,18078.49114904218,464.50885095781996,False,False,False,False
275,0.1968503937007874,ZL-00423,2024-11,Gewerbe,62,106.24193548387096,100.36993836288217,5.8719971209887944,5.8719971209887944,6587.0,6222.936178498694,364.06382150130594,False,False,False,False
276,0.19756621331424482,ZL-00686,2024-12,Gewerbe,78,98.17948717948718,104.08294030975746,-5.903453130270279,5.903453130270279,7658.0,8118.469344161082,-460.4693441610816,False,False,False,False
277,0.19828203292770222,ZL-00282,2024-11,Gewerbe,85,204.6235294117647,198.68358204284667,5.939947368918041,5.939947368918041,17393.0,16888.104473641968,504.89552635803193,False,False,False,False
278,0.19899785254115962,ZL-00540,2024-12,Industrie,72,99.11111111111111,105.05475001791504,-5.943638906803926,5.943638906803926,7136.0,7563.942001289883,-427.9420012898827,False,False,False,False
279,0.19971367215461705,ZL-00569,2024-12,Gewerbe,53,91.0,96.96871750782446,-5.968717507824465,5.968717507824465,4823.0,5139.342027914697,-316.3420279146967,False,False,False,False
280,0.20042949176807445,ZL-00026,2024-12,Kommunal,97,215.2164948453608,209.2428822627797,5.973612582581126,5.973612582581126,20876.0,20296.55957948963,579.440420510371,False,False,False,False
281,0.20114531138153185,ZL-00382,2024-11,Gewerbe,91,132.35164835164835,126.37581100022888,5.975837351419472,5.975837351419472,12044.0,11500.198801020828,543.8011989791721,False,False,False,False
282,0.20186113099498926,ZL-00561,2024-11,Gewerbe,38,160.52631578947367,166.5085224269654,-5.982206637491743,5.982206637491743,6100.0,6327.323852224686,-227.32385222468565,False,False,False,False
283,0.20257695060844666,ZL-00491,2024-12,Gewerbe,107,136.00934579439252,142.018173221781,-6.008827427388496,6.008827427388496,14553.0,15195.944534730568,-642.9445347305682,False,False,False,False
284,0.2032927702219041,ZL-00255,2024-11,Industrie,259,173.1196911196911,167.10287359610183,6.016817523589282,6.016817523589282,44838.0,43279.64426139037,1558.355738609629,False,False,False,False
285,0.2040085898353615,ZL-00521,2024-11,Gewerbe,37,136.02702702702703,142.08350843860725,-6.056481411580222,6.056481411580222,5033.0,5257.089812228468,-224.08981222846796,False,False,False,False
286,0.2047244094488189,ZL-00055,2024-12,Industrie,269,160.23420074349443,166.3289538359298,-6.094753092435383,6.094753092435383,43103.0,44742.48858186512,-1639.4885818651164,False,False,False,False
287,0.2054402290622763,ZL-00662,2024-12,Industrie,209,192.82775119617224,199.00931371585193,-6.181562519679687,6.181562519679687,40301.0,41592.946566613056,-1291.9465666130563,False,False,False,False
288,0.20615604867573373,ZL-00533,2024-12,Industrie,169,180.1301775147929,173.94690147837304,6.183276036419869,6.183276036419869,30442.0,29397.026349845044,1044.973650154956,False,False,False,False
289,0.20687186828919113,ZL-00252,2024-11,Gewerbe,32,93.875,100.07042085404031,-6.195420854040307,6.195420854040307,3004.0,3202.25346732929,-198.25346732928983,False,False,False,False
290,0.20758768790264853,ZL-00069,2024-12,Gewerbe,37,194.64864864864865,200.9165223791047,-6.267873730456046,6.267873730456046,7202.0,7433.911328026874,-231.9113280268739,False,False,False,False
291,0.20830350751610593,ZL-00463,2024-11,Gewerbe,65,142.2153846153846,135.9344955010424,6.280889114342216,6.280889114342216,9244.0,8835.742207567755,408.25779243224497,False,False,False,False
292,0.20901932712956334,ZL-00637,2024-11,Gewerbe,81,100.88888888888889,94.58565249653212,6.303236392356766,6.303236392356766,8172.0,7661.437852219102,510.56214778089816,False,False,False,False
293,0.20973514674302077,ZL-00620,2024-12,Gewerbe,71,181.112676056338,174.80434727088195,6.308328785456041,6.308328785456041,12859.0,12411.108656232618,447.89134376738184,False,False,False,False
294,0.21045096635647817,ZL-00323,2024-12,Industrie,140,148.5142857142857,142.2025386467388,6.311747067546918,6.311747067546918,20792.0,19908.35541054343,883.6445894565695,False,False,False,False
295,0.21116678596993557,ZL-00180,2024-12,Gewerbe,87,123.183908045977,116.81687698303891,6.367031062938096,6.367031062938096,10717.0,10163.068297524385,553.9317024756147,False,False,False,False
296,0.21188260558339297,ZL-00401,2024-12,Gewerbe,25,145.44,151.88475944887037,-6.444759448870371,6.444759448870371,3636.0,3797.1189862217593,-161.11898622175931,False,False,False,False
297,0.2125984251968504,ZL-00356,2024-12,Kommunal,127,207.8897637795276,201.36440505644552,6.525358723082093,6.525358723082093,26402.0,25573.27944216858,828.7205578314206,False,False,False,False
298,0.2133142448103078,ZL-00063,2024-11,Gewerbe,39,108.1025641025641,101.57044883891653,6.532115263647569,6.532115263647569,4216.0,3961.247504717745,254.75249528225504,False,False,False,False
299,0.2140300644237652,ZL-00515,2024-12,Industrie,134,233.679104477612,227.1051794228997,6.5739250547122765,6.5739250547122765,31313.0,30432.094042668563,880.9059573314371,False,False,False,False
300,0.2147458840372226,ZL-00242,2024-11,Gewerbe,39,102.51282051282053,109.15256844846184,-6.63974793564131,6.63974793564131,3998.0,4256.950169490012,-258.95016949001183,False,False,False,False
301,0.21546170365068004,ZL-00684,2024-11,Industrie,284,186.3098591549296,179.66364880088366,6.646210354045934,6.646210354045934,52912.0,51024.47625945096,1887.5237405490407,False,False,False,False
302,0.21617752326413744,ZL-00525,2024-11,Gewerbe,43,110.16279069767442,116.81506441493487,-6.652273717260442,6.652273717260442,4737.0,5023.047769842199,-286.04776984219916,False,False,False,False
303,0.21689334287759485,ZL-00008,2024-12,Industrie,487,98.9034907597536,92.24089468475682,6.66259607499677,6.66259607499677,48166.0,44921.31571147657,3244.684288523429,False,False,False,False
304,0.21760916249105225,ZL-00182,2024-11,Gewerbe,44,186.9090909090909,180.23564647906585,6.673444430025057,6.673444430025057,8224.0,7930.368445078897,293.6315549211031,False,False,False,False
305,0.21832498210450965,ZL-00659,2024-12,Gewerbe,57,168.03508771929825,174.71940278728246,-6.684315067984215,6.684315067984215,9578.0,9959.005958875101,-381.005958875101,False,False,False,False
306,0.21904080171796708,ZL-00039,2024-11,Kommunal,65,100.01538461538462,93.31588531883409,6.699499296550528,6.699499296550528,6501.0,6065.532545724216,435.4674542757839,False,False,False,False
307,0.21975662133142448,ZL-00356,2024-11,Kommunal,127,194.93700787401573,188.19309250193527,6.743915372080465,6.743915372080465,24757.0,23900.522747745777,856.4772522542225,False,False,False,False
308,0.2204724409448819,ZL-00077,2024-11,Gewerbe,97,132.35051546391753,139.14216734992104,-6.791651886003507,6.791651886003507,12838.0,13496.790232942341,-658.7902329423414,False,False,False,False
309,0.2211882605583393,ZL-00579,2024-11,Gewerbe,34,112.44117647058825,119.25015195886112,-6.808975488272878,6.808975488272878,3823.0,4054.5051666012782,-231.50516660127823,False,False,False,False
310,0.22190408017179672,ZL-00434,2024-11,Industrie,252,159.17460317460316,166.05911334412528,-6.884510169522116,6.884510169522116,40112.0,41846.89656271957,-1734.896562719572,False,False,False,False
311,0.22261989978525412,ZL-00189,2024-11,Industrie,123,172.58536585365854,179.48812112385647,-6.902755270197929,6.902755270197929,21228.0,22077.038898234347,-849.0388982343466,False,False,False,False
312,0.22333571939871152,ZL-00490,2024-11,Kommunal,192,205.421875,198.50487440953637,6.91700059046363,6.91700059046363,39441.0,38112.935886630985,1328.064113369015,False,False,False,False
313,0.22405153901216893,ZL-00556,2024-12,Gewerbe,31,186.0967741935484,179.1771223101475,6.919651883400917,6.919651883400917,5769.0,5554.490791614572,214.50920838542788,False,False,False,False
314,0.22476735862562633,ZL-00097,2024-11,Gewerbe,30,132.3,139.21971712715765,-6.919717127157639,6.919717127157639,3969.0,4176.591513814729,-207.5915138147293,False,False,False,False
315,0.22548317823908376,ZL-00542,2024-11,Gewerbe,25,105.2,98.27921501506235,6.920784984937654,6.920784984937654,2630.0,2456.9803753765586,173.01962462344136,False,False,False,False
316,0.22619899785254116,ZL-00198,2024-11,Gewerbe,61,226.327868852459,219.38133252365296,6.946536328806047,6.946536328806047,13806.0,13382.261283942831,423.73871605716886,False,False,False,False
317,0.22691481746599856,ZL-00264,2024-12,Kommunal,98,112.53061224489797,105.5793129318069,6.95129931309107,6.95129931309107,11028.0,10346.772667317076,681.2273326829236,False,False,False,False
318,0.22763063707945597,ZL-00400,2024-11,Gewerbe,74,125.9054054054054,118.91263352690356,6.992771878501841,6.992771878501841,9317.0,8799.534880990863,517.4651190091372,False,False,False,False
319,0.2283464566929134,ZL-00092,2024-11,Gewerbe,30,82.2,89.20645765991165,-7.006457659911646,7.006457659911646,2466.0,2676.1937297973495,-210.19372979734953,False,False,False,False
320,0.2290622763063708,ZL-00055,2024-11,Industrie,269,168.3457249070632,161.30655254063947,7.039172366423713,7.039172366423713,45285.0,43391.46263343202,1893.53736656798,False,False,False,False
321,0.2297780959198282,ZL-00042,2024-11,Kommunal,88,122.26136363636364,115.21533884924769,7.046024787115954,7.046024787115954,10759.0,10138.949818733796,620.0501812662042,False,False,False,False
322,0.2304939155332856,ZL-00062,2024-11,Gewerbe,70,143.1,150.15026038170265,-7.050260381702657,7.050260381702657,10017.0,10510.518226719185,-493.5182267191849,False,False,False,False
323,0.23120973514674303,ZL-00021,2024-12,Kommunal,94,72.93617021276596,79.99040060458574,-7.054230391819786,7.054230391819786,6856.0,7519.09765683106,-663.0976568310598,False,False,False,False
324,0.23192555476020044,ZL-00330,2024-11,Kommunal,62,225.3709677419355,218.29596416889117,7.075003573044313,7.075003573044313,13973.0,13534.349778471253,438.65022152874735,False,False,False,False
325,0.23264137437365784,ZL-00445,2024-12,Gewerbe,20,123.25,116.13811373742045,7.111886262579546,7.111886262579546,2465.0,2322.7622747484093,142.23772525159075,False,False,False,False
326,0.23335719398711524,ZL-00381,2024-12,Kommunal,33,86.24242424242425,93.35435579224217,-7.111931549817925,7.111931549817925,2846.0,3080.6937411439917,-234.6937411439917,False,False,False,False
327,0.23407301360057264,ZL-00344,2024-12,Gewerbe,61,125.11475409836063,132.2378135524952,-7.123059454134562,7.123059454134562,7632.0,8066.506626702207,-434.50662670220663,False,False,False,False
328,0.23478883321403007,ZL-00627,2024-12,Industrie,159,119.00628930817612,111.8826768119739,7.123612496202227,7.123612496202227,18922.0,17789.345613103847,1132.6543868961526,False,False,False,False
329,0.23550465282748748,ZL-00298,2024-11,Gewerbe,46,173.8695652173913,166.74453702269633,7.125028194694977,7.125028194694977,7998.0,7670.248703044032,327.7512969559684,False,False,False,False
330,0.23622047244094488,ZL-00122,2024-12,Gewerbe,46,112.04347826086956,104.9032896137574,7.1401886471121685,7.1401886471121685,5154.0,4825.55132223284,328.44867776716,False,False,False,False
331,0.23693629205440228,ZL-00378,2024-12,Industrie,564,126.43971631205672,119.29859435655955,7.141121955497169,7.141121955497169,71312.0,67284.40721709958,4027.5927829004213,False,False,False,False
332,0.2376521116678597,ZL-00094,2024-12,Gewerbe,29,128.44827586206895,121.30161710730678,7.146658754762171,7.146658754762171,3725.0,3517.7468961118966,207.2531038881034,False,False,False,False
333,0.2383679312813171,ZL-00226,2024-11,Gewerbe,37,172.0,179.17348641767282,-7.1734864176728195,7.1734864176728195,6364.0,6629.418997453894,-265.418997453894,False,False,False,False
334,0.23908375089477452,ZL-00672,2024-12,Gewerbe,65,205.7076923076923,198.53033616295895,7.177356144733352,7.177356144733352,13371.0,12904.471850592332,466.528149407668,False,False,False,False
335,0.23979957050823192,ZL-00666,2024-11,Kommunal,113,163.1150442477876,170.29897974894067,-7.183935501153059,7.183935501153059,18432.0,19243.784711630295,-811.7847116302946,False,False,False,False
336,0.24051539012168932,ZL-00494,2024-11,Gewerbe,40,235.925,228.7049738860804,7.220026113919602,7.220026113919602,9437.0,9148.198955443217,288.8010445567834,False,False,False,False
337,0.24123120973514675,ZL-00449,2024-11,Industrie,278,224.56474820143885,231.82011468668833,-7.255366485249482,7.255366485249482,62429.0,64445.991882899354,-2016.991882899354,False,False,False,False
338,0.24194702934860415,ZL-00061,2024-11,Gewerbe,76,223.43421052631572,216.16591819385962,7.268292332456099,7.268292332456099,16981.0,16428.609782733332,552.3902172666676,False,False,False,False
339,0.24266284896206156,ZL-00587,2024-11,Gewerbe,70,88.85714285714286,96.17320566542038,-7.316062808277522,7.316062808277522,6220.0,6732.1243965794265,-512.1243965794265,False,False,False,False
340,0.24337866857551896,ZL-00576,2024-12,Gewerbe,178,124.70786516853931,117.3867507467324,7.321114421806911,7.321114421806911,22198.0,20894.841632918367,1303.1583670816326,False,False,False,False
341,0.2440944881889764,ZL-00059,2024-11,Industrie,200,159.07,166.40358669184295,-7.333586691842953,7.333586691842953,31814.0,33280.71733836859,-1466.7173383685877,False,False,False,False
342,0.2448103078024338,ZL-00092,2024-12,Gewerbe,30,111.96666666666668,104.6330556245765,7.333611042090183,7.333611042090183,3359.0,3138.991668737295,220.00833126270481,False,False,False,False
343,0.2455261274158912,ZL-00625,2024-11,Gewerbe,82,230.9390243902439,223.57242665789576,7.36659773234814,7.36659773234814,18937.0,18332.938985947454,604.0610140525459,False,False,False,False
344,0.2462419470293486,ZL-00412,2024-12,Gewerbe,57,213.9298245614035,221.31998414542153,-7.390159584018022,7.390159584018022,12194.0,12615.239096289028,-421.23909628902766,False,False,False,False
345,0.24695776664280603,ZL-00695,2024-11,Industrie,232,194.3879310344828,186.98516033807616,7.402770696406634,7.402770696406634,45098.0,43380.55719843367,1717.4428015663289,False,False,False,False
346,0.24767358625626343,ZL-00311,2024-12,Gewerbe,64,146.34375,153.78204893494362,-7.438298934943617,7.438298934943617,9366.0,9842.051131836392,-476.0511318363915,False,False,False,False
347,0.24838940586972083,ZL-00685,2024-12,Gewerbe,27,91.1851851851852,98.64190254114864,-7.456717355963434,7.456717355963434,2462.0,2663.331368611013,-201.3313686110132,False,False,False,False
348,0.24910522548317823,ZL-00675,2024-11,Kommunal,46,76.76086956521739,84.23118223391367,-7.47031266869628,7.47031266869628,3531.0,3874.634382760029,-343.634382760029,False,False,False,False
349,0.24982104509663564,ZL-00002,2024-11,Gewerbe,57,116.57894736842104,124.0568297664095,-7.477882397988466,7.477882397988466,6645.0,7071.239296685342,-426.2392966853422,False,False,False,False
350,0.25053686471009307,ZL-00435,2024-12,Gewerbe,24,117.66666666666669,110.16812907578993,7.498537590876751,7.498537590876751,2824.0,2644.0350978189585,179.96490218104145,False,False,False,False
351,0.25125268432355047,ZL-00313,2024-11,Industrie,608,132.69901315789474,140.20644772262216,-7.5074345647274185,7.5074345647274185,80681.0,85245.52021535428,-4564.520215354278,False,False,False,False
352,0.25196850393700787,ZL-00248,2024-11,Industrie,113,184.04424778761063,191.5591719619617,-7.51492417435108,7.51492417435108,20797.0,21646.186431701673,-849.1864317016734,False,False,False,False
353,0.2526843235504653,ZL-00152,2024-12,Industrie,568,110.92605633802818,103.4029209889949,7.523135349033282,7.523135349033282,63006.0,58732.8591217491,4273.1408782509025,False,False,False,False
354,0.2534001431639227,ZL-00507,2024-11,Gewerbe,51,205.41176470588235,212.94200014676903,-7.530235440886685,7.530235440886685,10476.0,10860.04200748522,-384.0420074852209,False,False,False,False
355,0.2541159627773801,ZL-00557,2024-11,Gewerbe,22,105.22727272727272,112.77503047788333,-7.547757750610614,7.547757750610614,2315.0,2481.0506705134335,-166.0506705134335,False,False,False,False
356,0.25483178239083754,ZL-00357,2024-12,Industrie,307,180.4527687296417,172.90035101671384,7.5524177129278485,7.5524177129278485,55399.0,53080.40776213115,2318.5922378688483,False,False,False,False
357,0.25554760200429494,ZL-00387,2024-11,Kommunal,102,244.41176470588235,251.9782423583725,-7.566477652490164,7.566477652490164,24930.0,25701.780720553998,-771.7807205539975,False,False,False,False
358,0.25626342161775234,ZL-00244,2024-12,Gewerbe,128,227.171875,219.60424689774388,7.567628102256123,7.567628102256123,29078.0,28109.343602911216,968.6563970887837,False,False,False,False
359,0.25697924123120974,ZL-00446,2024-11,Gewerbe,114,88.91228070175438,96.48405926790197,-7.571778566147586,7.571778566147586,10136.0,10999.182756540824,-863.1827565408239,False,False,False,False
360,0.25769506084466715,ZL-00043,2024-12,Industrie,323,146.88854489164086,139.27534775837051,7.613197133270347,7.613197133270347,47445.0,44985.93732595367,2459.0626740463267,False,False,False,False
361,0.25841088045812455,ZL-00510,2024-11,Industrie,485,170.9051546391753,163.27969739825502,7.625457240920269,7.625457240920269,82889.0,79190.65323815368,3698.3467618463183,False,False,False,False
362,0.25912670007158195,ZL-00108,2024-12,Gewerbe,68,151.58823529411765,143.9244355194973,7.663799774620344,7.663799774620344,10308.0,9786.861615325817,521.1383846741828,False,False,False,False
363,0.25984251968503935,ZL-00179,2024-12,Gewerbe,120,106.6,98.91159028003243,7.6884097199675665,7.6884097199675665,12792.0,11869.390833603891,922.6091663961088,False,False,False,False
364,0.26055833929849676,ZL-00339,2024-11,Gewerbe,71,88.61971830985915,96.34657928036488,-7.726860970505726,7.726860970505726,6292.0,6840.607128905906,-548.6071289059064,False,False,False,False
365,0.2612741589119542,ZL-00217,2024-12,Kommunal,77,102.0,109.76327810568708,-7.763278105687078,7.763278105687078,7854.0,8451.772414137906,-597.7724141379058,False,False,False,False
366,0.2619899785254116,ZL-00164,2024-11,Gewerbe,28,104.89285714285714,97.11888479296982,7.773972349887316,7.773972349887316,2937.0,2719.3287742031553,217.67122579684474,False,False,False,False
367,0.262705798138869,ZL-00022,2024-11,Gewerbe,71,202.53521126760563,194.7402330030945,7.794978264511144,7.794978264511144,14380.0,13826.556543219709,553.443456780291,False,False,False,False
368,0.2634216177523264,ZL-00283,2024-12,Gewerbe,50,236.5,228.69175915060842,7.808240849391581,7.808240849391581,11825.0,11434.58795753042,390.4120424695793,False,False,False,False
369,0.2641374373657838,ZL-00051,2024-12,Gewerbe,40,198.75,190.8411528303731,7.90884716962691,7.90884716962691,7950.0,7633.646113214923,316.3538867850766,False,False,False,False
370,0.2648532569792412,ZL-00450,2024-12,Gewerbe,45,184.2,176.28005522177207,7.919944778227915,7.919944778227915,8289.0,7932.602484979743,356.39751502025683,False,False,False,False
371,0.2655690765926986,ZL-00259,2024-12,Kommunal,114,181.52631578947367,189.50117572407405,-7.974859934600374,7.974859934600374,20694.0,21603.13403254444,-909.1340325444398,False,False,False,False
372,0.26628489620615603,ZL-00587,2024-12,Gewerbe,70,97.97142857142858,105.97583311976702,-8.004404548338442,8.004404548338442,6858.0,7418.308318383692,-560.3083183836916,False,False,False,False
373,0.26700071581961343,ZL-00635,2024-11,Industrie,275,227.0763636363636,235.08330244511143,-8.006938808747833,8.006938808747833,62446.0,64647.908172405645,-2201.908172405645,False,False,False,False
374,0.2677165354330709,ZL-00441,2024-12,Industrie,630,232.93492063492064,224.9076037121202,8.027316922800452,8.027316922800452,146749.0,141691.7903386357,5057.209661364293,False,False,False,False
375,0.2684323550465283,ZL-00590,2024-11,Gewerbe,79,204.5443037974684,196.50555851365374,8.038745283814649,8.038745283814649,16159.0,15523.939122578646,635.0608774213542,False,False,False,False
376,0.2691481746599857,ZL-00647,2024-12,Gewerbe,76,146.43421052631578,138.34712229935815,8.087088226957633,8.087088226957633,11129.0,10514.38129475122,614.6187052487803,False,False,False,False
377,0.2698639942734431,ZL-00058,2024-12,Industrie,135,180.59259259259252,172.50147687984216,8.091115712750366,8.091115712750366,24380.0,23287.699378778692,1092.3006212213077,False,False,False,False
378,0.2705798138869005,ZL-00341,2024-11,Gewerbe,81,178.2716049382716,186.3917048193956,-8.12009988112402,8.12009988112402,14440.0,15097.728090371045,-657.7280903710453,False,False,False,False
379,0.2712956335003579,ZL-00285,2024-11,Gewerbe,79,132.4430379746835,140.57758585448946,-8.13454787980595,8.13454787980595,10463.0,11105.629282504668,-642.6292825046676,False,False,False,False
380,0.2720114531138153,ZL-00405,2024-11,Gewerbe,49,175.16326530612244,167.0243921417143,8.138873164408153,8.138873164408153,8583.0,8184.195214944,398.8047850559997,False,False,False,False
381,0.2727272727272727,ZL-00231,2024-11,Kommunal,30,104.36666666666666,96.19450379050129,8.172162876165373,8.172162876165373,3131.0,2885.8351137150385,245.16488628496154,False,False,False,False
382,0.2734430923407301,ZL-00150,2024-11,Gewerbe,51,112.88235294117646,121.06688025646766,-8.184527315291191,8.184527315291191,5757.0,6174.41089307985,-417.4108930798502,False,False,False,False
383,0.27415891195418757,ZL-00340,2024-12,Industrie,227,205.0528634361233,213.28856658836935,-8.23570315224606,8.23570315224606,46547.0,48416.50461555984,-1869.5046155598393,False,False,False,False
384,0.27487473156764497,ZL-00564,2024-11,Industrie,266,191.55263157894737,199.83555118457645,-8.282919605629075,8.282919605629075,50953.0,53156.256615097336,-2203.256615097336,False,False,False,False
385,0.2755905511811024,ZL-00474,2024-12,Gewerbe,55,211.47272727272727,203.15319672166368,8.319530551063593,8.319530551063593,11631.0,11173.425819691502,457.5741803084984,False,False,False,False
386,0.2763063707945598,ZL-00583,2024-11,Industrie,398,170.60050251256283,162.25109434501383,8.349408167549,8.349408167549,67899.0,64575.9355493155,3323.0644506844983,False,False,False,False
387,0.2770221904080172,ZL-00271,2024-12,Industrie,401,105.86034912718203,97.51013736879167,8.350211758390358,8.350211758390358,42450.0,39101.565084885464,3348.434915114536,False,False,False,False
388,0.2777380100214746,ZL-00472,2024-12,Industrie,202,130.92079207920793,139.2906582165973,-8.36986613738938,8.36986613738938,26446.0,28136.712959752655,-1690.7129597526546,False,False,False,False
389,0.278453829634932,ZL-00558,2024-12,Industrie,458,206.75545851528383,198.36743769481865,8.388020820465186,8.388020820465186,94694.0,90852.28646422694,3841.7135357730585,False,False,False,False
390,0.2791696492483894,ZL-00225,2024-12,Gewerbe,57,202.6315789473684,194.23948376654968,8.392095180818728,8.392095180818728,11550.0,11071.650574693333,478.3494253066674,False,False,False,False
391,0.27988546886184684,ZL-00324,2024-11,Industrie,681,92.93685756240822,101.3424807849007,-8.40562322249248,8.40562322249248,63290.0,69014.22941451738,-5724.22941451738,False,False,False,False
392,0.28060128847530424,ZL-00426,2024-12,Industrie,284,91.96830985915491,100.38634825582717,-8.418038396672259,8.418038396672259,26119.0,28509.72290465492,-2390.7229046549182,False,False,False,False
393,0.28131710808876165,ZL-00181,2024-12,Industrie,1067,88.52764761012183,97.02364129021142,-8.495993680089583,8.495993680089583,94459.0,103524.22525665558,-9065.225256655584,False,False,False,False
394,0.28203292770221905,ZL-00077,2024-12,Gewerbe,97,147.50515463917526,138.98868321463777,8.516471424537485,8.516471424537485,14308.0,13481.902271819865,826.0977281801352,False,False,False,False
395,0.28274874731567645,ZL-00406,2024-11,Gewerbe,50,228.92,220.3805517597265,8.539448240273487,8.539448240273487,11446.0,11019.027587986326,426.97241201367433,False,False,False,False
396,0.28346456692913385,ZL-00682,2024-12,Kommunal,118,198.228813559322,206.77084603054647,-8.542032471224474,8.542032471224474,23391.0,24398.959831604483,-1007.959831604483,False,False,False,False
397,0.28418038654259126,ZL-00107,2024-12,Kommunal,105,128.5142857142857,119.95530965845985,8.558976055825852,8.558976055825852,13494.0,12595.307514138285,898.6924858617149,False,False,False,False
398,0.28489620615604866,ZL-00440,2024-11,Gewerbe,127,159.03937007874015,150.45405948506618,8.585310593673967,8.585310593673967,20198.0,19107.665554603405,1090.3344453965947,False,False,False,False
399,0.28561202576950606,ZL-00461,2024-12,Gewerbe,86,140.0,131.3751568421715,8.624843157828508,8.624843157828508,12040.0,11298.263488426748,741.7365115732518,False,False,False,False
400,0.2863278453829635,ZL-00489,2024-12,Kommunal,56,107.375,98.72285939273783,8.652140607262169,8.652140607262169,6013.0,5528.480125993318,484.5198740066817,False,False,False,False
401,0.2870436649964209,ZL-00063,2024-12,Gewerbe,39,104.43589743589745,113.11582045837294,-8.679923022475492,8.679923022475492,4073.0,4411.516997876544,-338.51699787654434,False,False,False,False
402,0.2877594846098783,ZL-00217,2024-11,Kommunal,77,109.5974025974026,100.91206177860164,8.685340818800967,8.685340818800967,8439.0,7770.228756952326,668.771243047674,False,False,False,False
403,0.2884753042233357,ZL-00266,2024-12,Industrie,200,114.685,105.98584931916636,8.69915068083364,8.69915068083364,22937.0,21197.16986383327,1739.830136166729,False,False,False,False
404,0.28919112383679313,ZL-00354,2024-11,Industrie,159,205.4213836477988,214.12304649992,-8.701662852121217,8.701662852121217,32662.0,34045.56439348728,-1383.5643934872787,False,False,False,False
405,0.28990694345025053,ZL-00650,2024-11,Gewerbe,44,213.3636363636364,222.07841990209909,-8.714783538462683,8.714783538462683,9388.0,9771.45047569236,-383.45047569235976,False,False,False,False
406,0.29062276306370793,ZL-00105,2024-11,Gewerbe,73,130.4794520547945,121.75349726217802,8.725954792616491,8.725954792616491,9525.0,8888.005300138995,636.9946998610048,False,False,False,False
407,0.29133858267716534,ZL-00273,2024-11,Kommunal,144,108.75694444444444,100.02451180795627,8.73243263648817,8.73243263648817,15661.0,14403.529700345704,1257.4702996542965,False,False,False,False
408,0.29205440229062274,ZL-00082,2024-12,Industrie,192,90.95833333333331,99.73369939223306,-8.775366058899749,8.775366058899749,17464.0,19148.87028330875,-1684.8702833087482,False,False,False,False
409,0.2927702219040802,ZL-00421,2024-11,Kommunal,133,103.796992481203,94.96652192741583,8.83047055378718,8.83047055378718,13805.0,12630.547416346304,1174.452583653696,False,False,False,False
410,0.2934860415175376,ZL-00397,2024-11,Industrie,396,133.81565656565655,142.71947619057593,-8.903819624919379,8.903819624919379,52991.0,56516.91257146807,-3525.9125714680704,False,False,False,False
411,0.294201861130995,ZL-00308,2024-12,Gewerbe,20,238.85,229.92238032451442,8.927619675485573,8.927619675485573,4777.0,4598.447606490288,178.5523935097117,False,False,False,False
412,0.2949176807444524,ZL-00171,2024-12,Industrie,120,193.63333333333333,202.58260430764633,-8.94927097431301,8.94927097431301,23236.0,24309.91251691756,-1073.9125169175604,False,False,False,False
413,0.2956335003579098,ZL-00657,2024-11,Gewerbe,46,137.91304347826087,146.87330216585934,-8.960258687598468,8.960258687598468,6344.0,6756.171899629529,-412.17189962952943,False,False,False,False
414,0.2963493199713672,ZL-00090,2024-11,Industrie,299,161.33110367892976,152.3516307706501,8.97947290827966,8.97947290827966,48238.0,45553.13760042438,2684.8623995756207,False,False,False,False
415,0.2970651395848246,ZL-00257,2024-11,Gewerbe,44,129.20454545454547,120.19262977483152,9.011915679713951,9.011915679713951,5685.0,5288.475710092587,396.5242899074128,False,False,False,False
416,0.297780959198282,ZL-00609,2024-12,Industrie,100,217.82,208.80296542145027,9.017034578549726,9.017034578549726,21782.0,20880.296542145028,901.7034578549719,False,False,False,False
417,0.2984967788117394,ZL-00011,2024-11,Gewerbe,95,115.46315789473684,106.4219129695496,9.041244925187243,9.041244925187243,10969.0,10110.081732107212,858.9182678927882,False,False,False,False
418,0.2992125984251969,ZL-00658,2024-11,Gewerbe,48,183.29166666666663,192.39241114511398,-9.100744478447353,9.100744478447353,8798.0,9234.83573496547,-436.8357349654707,False,False,False,False
419,0.2999284180386543,ZL-00346,2024-11,Gewerbe,105,224.9142857142857,215.80109856661602,9.113187147669692,9.113187147669692,23616.0,22659.11534949468,956.8846505053189,False,False,False,False
420,0.3006442376521117,ZL-00513,2024-12,Gewerbe,81,193.96296296296296,203.1089905090984,-9.146027546135429,9.146027546135429,15711.0,16451.82823123697,-740.8282312369702,False,False,False,False
421,0.3013600572655691,ZL-00050,2024-11,Gewerbe,48,76.14583333333333,85.2969469908159,-9.151113657482568,9.151113657482568,3655.0,4094.253455559163,-439.25345555916283,False,False,False,False
422,0.3020758768790265,ZL-00197,2024-12,Gewerbe,103,113.66990291262135,122.85942692471711,-9.18952401209576,9.18952401209576,11708.0,12654.520973245862,-946.5209732458625,False,False,False,False
423,0.3027916964924839,ZL-00698,2024-12,Gewerbe,57,88.05263157894737,97.24680800811531,-9.194176429167939,9.194176429167939,5019.0,5543.068056462573,-524.0680564625727,False,False,False,False
424,0.3035075161059413,ZL-00317,2024-12,Gewerbe,66,127.51515151515152,136.82478304335802,-9.30963152820651,9.30963152820651,8416.0,9030.43568086163,-614.4356808616303,False,False,False,False
425,0.3042233357193987,ZL-00372,2024-11,Gewerbe,28,159.92857142857142,169.23830059279902,-9.309729164227605,9.309729164227605,4478.0,4738.672416598372,-260.67241659837237,False,False,False,False
426,0.3049391553328561,ZL-00188,2024-11,Gewerbe,35,135.05714285714285,125.68010965959414,9.377033197548712,9.377033197548712,4727.0,4398.803838085795,328.1961619142048,False,False,False,False
427,0.30565497494631355,ZL-00506,2024-11,Gewerbe,67,132.55223880597015,141.96056200993766,-9.408323203967512,9.408323203967512,8881.0,9511.357654665824,-630.3576546658242,False,False,False,False
428,0.30637079455977095,ZL-00692,2024-11,Gewerbe,27,180.59259259259252,171.16463008636887,9.42796250622365,9.42796250622365,4876.0,4621.445012331959,254.55498766804067,False,False,False,False
429,0.30708661417322836,ZL-00066,2024-12,Industrie,172,100.84883720930232,110.34756629972394,-9.49872909042162,9.49872909042162,17346.0,18979.78140355252,-1633.781403552519,False,False,False,False
430,0.30780243378668576,ZL-00404,2024-11,Kommunal,45,79.46666666666667,88.98800153614592,-9.521334869479247,9.521334869479247,3576.0,4004.4600691265664,-428.4600691265664,False,False,False,False
431,0.30851825340014316,ZL-00543,2024-12,Gewerbe,47,86.65957446808513,96.19136617929553,-9.531791711210403,9.531791711210403,4073.000000000001,4520.99421042689,-447.99421042688937,False,False,False,False
432,0.30923407301360056,ZL-00499,2024-11,Kommunal,126,128.66666666666666,138.20033233169988,-9.533665665033226,9.533665665033226,16212.0,17413.241873794184,-1201.2418737941844,False,False,False,False
433,0.30994989262705797,ZL-00079,2024-12,Kommunal,139,136.93525179856115,127.35723625300479,9.578015545556369,9.578015545556369,19034.0,17702.655839167666,1331.3441608323337,False,False,False,False
434,0.31066571224051537,ZL-00276,2024-12,Gewerbe,81,175.44444444444446,165.83156033137652,9.612884113067935,9.612884113067935,14211.0,13432.356386841499,778.6436131585015,False,False,False,False
435,0.3113815318539728,ZL-00292,2024-11,Industrie,439,76.4760820045558,86.20862937797816,-9.73254737342235,9.73254737342235,33573.0,37845.58829693241,-4272.588296932408,False,False,False,False
436,0.31209735146743023,ZL-00096,2024-11,Gewerbe,50,207.38,197.62069798831783,9.759302011682166,9.759302011682166,10369.0,9881.034899415892,487.96510058410786,False,False,False,False
437,0.31281317108088763,ZL-00642,2024-11,Kommunal,52,197.69230769230768,187.9317316952597,9.760575997047965,9.760575997047965,10280.0,9772.450048153505,507.5499518464949,False,False,False,False
438,0.31352899069434503,ZL-00005,2024-12,Industrie,244,230.6065573770492,220.80603733557265,9.800520041476545,9.800520041476545,56268.0,53876.673109879725,2391.3268901202755,False,False,False,False
439,0.31424481030780244,ZL-00443,2024-11,Gewerbe,20,87.35,97.15098525093454,-9.800985250934545,9.800985250934545,1747.0,1943.0197050186907,-196.01970501869073,False,False,False,False
440,0.31496062992125984,ZL-00514,2024-12,Kommunal,113,180.4070796460177,170.57572739907337,9.831352246944334,9.831352246944334,20386.0,19275.05719609529,1110.9428039047089,False,False,False,False
441,0.31567644953471724,ZL-00608,2024-12,Gewerbe,33,113.48484848484848,103.57622676452844,9.908621720320042,9.908621720320042,3745.0,3418.015483229439,326.9845167705612,False,False,False,False
442,0.31639226914817464,ZL-00011,2024-12,Gewerbe,95,99.73684210526316,89.77089240865449,9.965949696608675,9.965949696608675,9475.0,8528.234778822176,946.7652211778241,False,False,False,False
443,0.31710808876163205,ZL-00326,2024-11,Industrie,251,160.44621513944224,150.47846155130068,9.967753588141562,9.967753588141562,40272.0,37770.09384937647,2501.9061506235303,False,False,False,False
444,0.3178239083750895,ZL-00279,2024-11,Industrie,189,181.37566137566137,171.39693198991768,9.97872938574369,9.97872938574369,34280.0,32394.02014609444,1885.9798539055591,False,False,False,False
445,0.3185397279885469,ZL-00084,2024-11,Kommunal,35,194.2,184.19657386796248,10.003426132037504,10.003426132037504,6797.0,6446.880085378687,350.119914621313,False,False,False,False
446,0.3192555476020043,ZL-00117,2024-11,Industrie,549,104.42987249544626,114.43595124955436,-10.006078754108103,10.006078754108103,57332.0,62825.33723600535,-5493.337236005347,False,False,False,False
447,0.3199713672154617,ZL-00366,2024-12,Gewerbe,187,198.35828877005343,208.4029743905231,-10.044685620469664,10.044685620469664,37093.0,38971.35621102782,-1878.3562110278217,False,False,False,False
448,0.3206871868289191,ZL-00619,2024-11,Gewerbe,61,177.78688524590163,187.841297304312,-10.054412058410378,10.054412058410378,10845.0,11458.319135563033,-613.3191355630333,False,False,False,False
449,0.3214030064423765,ZL-00197,2024-11,Gewerbe,103,124.5631067961165,114.50516000524377,10.057946790872734,10.057946790872734,12830.0,11794.031480540109,1035.9685194598915,False,False,False,False
450,0.3221188260558339,ZL-00163,2024-11,Industrie,234,81.64529914529915,91.72043487669964,-10.075135731400493,10.075135731400493,19105.0,21462.581761147718,-2357.5817611477178,False,False,False,False
451,0.3228346456692913,ZL-00342,2024-12,Gewerbe,69,96.20289855072464,106.30063938278153,-10.097740832056886,10.097740832056886,6638.0,7334.744117411925,-696.7441174119249,False,False,False,False
452,0.3235504652827487,ZL-00520,2024-12,Gewerbe,27,128.03703703703704,117.93278889334334,10.104248143693695,10.104248143693695,3457.0,3184.1853001202703,272.8146998797297,False,False,False,False
453,0.3242662848962062,ZL-00104,2024-12,Kommunal,44,108.02272727272728,118.13367552519755,-10.110948252470266,10.110948252470266,4753.0,5197.881723108692,-444.8817231086923,False,False,False,False
454,0.3249821045096636,ZL-00002,2024-12,Gewerbe,57,116.21052631578948,126.32386293027524,-10.11333661448576,10.11333661448576,6624.0,7200.460187025688,-576.4601870256884,False,False,False,False
455,0.325697924123121,ZL-00621,2024-12,Industrie,290,138.70689655172413,148.82403487884054,-10.117138327116407,10.117138327116407,40225.0,43158.970114863754,-2933.970114863754,False,False,False,False
456,0.3264137437365784,ZL-00234,2024-12,Gewerbe,94,66.68085106382979,76.82019803345946,-10.13934696962967,10.13934696962967,6268.0,7221.09861514519,-953.0986151451898,False,False,False,False
457,0.3271295633500358,ZL-00505,2024-12,Industrie,235,205.4468085106383,215.58735527305973,-10.140546762421422,10.140546762421422,48280.0,50663.02848916904,-2383.028489169039,False,False,False,False
458,0.3278453829634932,ZL-00393,2024-12,Gewerbe,29,221.31034482758625,211.16521521502273,10.145129612563522,10.145129612563522,6418.0,6123.791241235659,294.2087587643409,False,False,False,False
459,0.3285612025769506,ZL-00509,2024-12,Gewerbe,44,191.4090909090909,201.56128738599924,-10.15219647690833,10.15219647690833,8422.0,8868.696644983966,-446.6966449839656,False,False,False,False
460,0.329277022190408,ZL-00646,2024-11,Gewerbe,38,114.94736842105264,104.76366378381981,10.183704637232836,10.183704637232836,4368.0,3981.019223785153,386.9807762148471,False,False,False,False
461,0.3299928418038654,ZL-00352,2024-11,Kommunal,105,158.57142857142858,148.36379678140256,10.207631790026028,10.207631790026028,16650.0,15578.198662047269,1071.801337952731,False,False,False,False
462,0.33070866141732286,ZL-00142,2024-12,Gewerbe,58,196.01724137931035,185.7980244987248,10.219216880585549,10.219216880585549,11369.0,10776.285420926039,592.7145790739614,False,False,False,False
463,0.33142448103078026,ZL-00245,2024-11,Industrie,359,107.016713091922,117.24703783574746,-10.230324743825463,10.230324743825463,38419.0,42091.68658303334,-3672.686583033341,False,False,False,False
464,0.33214030064423766,ZL-00634,2024-12,Gewerbe,61,154.81967213114754,165.09495894976507,-10.27528681861753,10.27528681861753,9444.0,10070.79249593567,-626.7924959356696,False,False,False,False
465,0.33285612025769507,ZL-00324,2024-12,Industrie,681,99.41850220264315,109.75077628211548,-10.332274079472327,10.332274079472327,67704.0,74740.27864812064,-7036.278648120642,False,False,False,False
466,0.33357193987115247,ZL-00024,2024-11,Gewerbe,55,110.67272727272729,121.0184344822843,-10.34570720955702,10.34570720955702,6087.0,6656.0138965256365,-569.0138965256365,False,False,False,False
467,0.33428775948460987,ZL-00128,2024-12,Industrie,408,227.9926470588236,238.3521058669385,-10.359458808114908,10.359458808114908,93021.0,97247.6591937109,-4226.659193710904,False,False,False,False
468,0.3350035790980673,ZL-00328,2024-11,Gewerbe,36,118.83333333333331,129.23245940857743,-10.399126075244112,10.399126075244112,4278.0,4652.368538708787,-374.3685387087871,False,False,False,False
469,0.3357193987115247,ZL-00137,2024-12,Gewerbe,84,142.17857142857142,131.7743723503989,10.404199078172525,10.404199078172525,11943.0,11069.047277433507,873.9527225664933,False,False,False,False
470,0.3364352183249821,ZL-00501,2024-11,Industrie,144,176.38194444444446,165.97732566023063,10.404618784213824,10.404618784213824,25399.0,23900.734895073212,1498.265104926788,False,False,False,False
471,0.33715103793843954,ZL-00280,2024-12,Industrie,284,102.86267605633805,92.45516905333893,10.407507002999111,10.407507002999111,29213.0,26257.26801114826,2955.7319888517413,False,False,False,False
472,0.33786685755189694,ZL-00518,2024-11,Kommunal,49,186.9591836734694,197.39042742607845,-10.43124375260905,10.43124375260905,9161.0,9672.130943877844,-511.1309438778444,False,False,False,False
473,0.33858267716535434,ZL-00100,2024-11,Industrie,176,109.83522727272728,99.40192520309986,10.433302069627416,10.433302069627416,19331.0,17494.738835745575,1836.2611642544252,False,False,False,False
474,0.33929849677881174,ZL-00099,2024-11,Gewerbe,55,130.54545454545453,120.11161108725612,10.43384345819841,10.43384345819841,7180.0,6606.138609799087,573.8613902009129,False,False,False,False
475,0.34001431639226914,ZL-00439,2024-11,Kommunal,69,150.04347826086956,139.55292639155127,10.490551869318296,10.490551869318296,10353.0,9629.151921017037,723.8480789829628,False,False,False,False
476,0.34073013600572655,ZL-00177,2024-11,Gewerbe,79,85.87341772151899,96.37230831520039,-10.498890593681395,10.498890593681395,6784.0,7613.412356900831,-829.4123569008307,False,False,False,False
477,0.34144595561918395,ZL-00100,2024-12,Industrie,176,98.53977272727272,109.11529998616994,-10.575527258897225,10.575527258897225,17343.0,19204.29279756591,-1861.2927975659113,False,False,False,False
478,0.34216177523264135,ZL-00177,2024-12,Gewerbe,79,94.0,104.59173236792027,-10.591732367920272,10.591732367920272,7426.0,8262.746857065702,-836.746857065702,False,False,False,False
479,0.3428775948460988,ZL-00231,2024-12,Kommunal,30,110.6,100.00762262788145,10.592377372118548,10.592377372118548,3318.0,3000.2286788364436,317.7713211635564,False,False,False,False
480,0.3435934144595562,ZL-00349,2024-11,Industrie,310,138.2741935483871,148.8974252825967,-10.623231734209611,10.623231734209611,42865.0,46158.20183760498,-3293.201837604982,False,False,False,False
481,0.3443092340730136,ZL-00624,2024-11,Gewerbe,64,82.4375,93.06695534374416,-10.629455343744155,10.629455343744155,5276.0,5956.285141999626,-680.2851419996259,False,False,False,False
482,0.345025053686471,ZL-00660,2024-12,Gewerbe,191,96.32984293193718,106.9724554869168,-10.642612554979621,10.642612554979621,18399.0,20431.73899800111,-2032.7389980011103,False,False,False,False
483,0.3457408732999284,ZL-00097,2024-12,Gewerbe,30,150.16666666666666,139.5176745474699,10.648992119196748,10.648992119196748,4505.0,4185.530236424097,319.469763575903,False,False,False,False
484,0.3464566929133858,ZL-00301,2024-11,Gewerbe,63,126.1904761904762,136.8557815450168,-10.665305354540607,10.665305354540607,7950.0,8621.91423733606,-671.9142373360592,False,False,False,False
485,0.3471725125268432,ZL-00357,2024-11,Industrie,307,178.27361563517914,167.60466550732937,10.668950127849769,10.668950127849769,54730.0,51454.632310750116,3275.3676892498843,False,False,False,False
486,0.3478883321403006,ZL-00185,2024-11,Industrie,113,247.81415929203536,237.11879995765503,10.695359334380328,10.695359334380328,28003.0,26794.424395215017,1208.5756047849827,False,False,False,False
487,0.34860415175375803,ZL-00364,2024-11,Industrie,314,104.9267515923567,94.17254465725988,10.754206935096818,10.754206935096818,32947.0,29570.1790223796,3376.8209776203985,False,False,False,False
488,0.3493199713672155,ZL-00118,2024-11,Gewerbe,100,215.5,204.72604578757182,10.77395421242818,10.77395421242818,21550.0,20472.604578757182,1077.395421242818,False,False,False,False
489,0.3500357909806729,ZL-00047,2024-12,Gewerbe,64,69.40625,80.23400151208376,-10.827751512083765,10.827751512083765,4442.0,5134.976096773361,-692.976096773361,False,False,False,False
490,0.3507516105941303,ZL-00355,2024-12,Industrie,144,160.44444444444446,149.60668227219767,10.837762172246784,10.837762172246784,23104.0,21543.362247196466,1560.6377528035337,False,False,False,False
491,0.3514674302075877,ZL-00146,2024-12,Industrie,704,102.18039772727272,91.33289872882108,10.847498998451641,10.847498998451641,71935.0,64298.36070509004,7636.639294909961,False,False,False,False
492,0.3521832498210451,ZL-00408,2024-12,Gewerbe,20,159.25,170.11128199318924,-10.861281993189237,10.861281993189237,3185.0,3402.2256398637846,-217.22563986378464,False,False,False,False
493,0.3528990694345025,ZL-00414,2024-11,Gewerbe,38,106.15789473684212,95.29100601052443,10.866888726317697,10.866888726317697,4034.0,3621.0582283999283,412.94177160007166,False,False,False,False
494,0.3536148890479599,ZL-00585,2024-12,Gewerbe,37,155.1081081081081,165.99750907200016,-10.889400963892058,10.889400963892058,5739.0,6141.907835664006,-402.9078356640057,False,False,False,False
495,0.3543307086614173,ZL-00161,2024-11,Industrie,295,146.69830508474575,157.5888482053407,-10.890543120594941,10.890543120594941,43276.0,46488.71022057551,-3212.7102205755073,False,False,False,False
496,0.3550465282748747,ZL-00000,2024-11,Gewerbe,74,85.83783783783784,96.73572071017368,-10.897882872335842,10.897882872335842,6352.0,7158.443332552853,-806.4433325528526,False,False,False,False
497,0.35576234788833216,ZL-00237,2024-11,Industrie,775,194.2051612903226,205.11393287082186,-10.908771580499263,10.908771580499263,150509.0,158963.29797488693,-8454.297974886926,False,False,False,False
498,0.35647816750178957,ZL-00363,2024-11,Gewerbe,48,102.375,91.45201021952137,10.92298978047863,10.92298978047863,4914.0,4389.696490537026,524.303509462974,False,False,False,False
499,0.35719398711524697,ZL-00166,2024-12,Gewerbe,42,140.8095238095238,151.75938936655223,-10.949865557028431,10.949865557028431,5914.0,6373.894353395193,-459.8943533951933,False,False,False,False
500,0.35790980672870437,ZL-00187,2024-12,Industrie,304,113.5592105263158,102.60092851555848,10.958282010757316,10.958282010757316,34522.0,31190.68226872978,3331.317731270221,False,False,False,False
501,0.3586256263421618,ZL-00195,2024-11,Gewerbe,109,185.3394495412844,196.30869015861566,-10.969240617331252,10.969240617331252,20202.0,21397.647227289108,-1195.6472272891078,False,False,False,False
502,0.3593414459556192,ZL-00543,2024-11,Gewerbe,47,84.82978723404256,95.8005920264307,-10.97080479238815,10.97080479238815,3987.0,4502.6278252422435,-515.6278252422435,False,False,False,False
503,0.3600572655690766,ZL-00559,2024-11,Gewerbe,59,84.84745762711864,95.8334539785591,-10.985996351440463,10.985996351440463,5006.0,5654.173784734987,-648.1737847349868,False,False,False,False
504,0.360773085182534,ZL-00209,2024-11,Industrie,171,86.08187134502924,97.08682159015682,-11.004950245127574,11.004950245127574,14720.0,16601.846491916815,-1881.8464919168146,False,False,False,False
505,0.3614889047959914,ZL-00064,2024-12,Gewerbe,79,188.1139240506329,199.14925750091996,-11.035333450287055,11.035333450287055,14861.0,15732.791342572677,-871.7913425726765,False,False,False,False
506,0.36220472440944884,ZL-00365,2024-11,Gewerbe,45,184.48888888888888,195.57207948521727,-11.083190596328393,11.083190596328393,8302.0,8800.743576834777,-498.74357683477683,False,False,False,False
507,0.36292054402290624,ZL-00642,2024-12,Kommunal,52,196.57692307692307,207.66129629274647,-11.084373215823405,11.084373215823405,10222.0,10798.387407222817,-576.3874072228173,False,False,False,False
508,0.36363636363636365,ZL-00246,2024-11,Gewerbe,42,104.02380952380952,115.15490448644906,-11.131094962639537,11.131094962639537,4369.0,4836.50598843086,-467.50598843086027,False,False,False,False
509,0.36435218324982105,ZL-00446,2024-12,Gewerbe,114,79.79824561403508,90.98763178756661,-11.189386173531531,11.189386173531531,9097.0,10372.590023782594,-1275.5900237825936,False,False,False,False
510,0.36506800286327845,ZL-00151,2024-12,Industrie,517,218.4061895551257,207.1932779871186,11.212911568007115,11.212911568007115,112916.0,107118.92471934031,5797.0752806596865,False,False,False,False
511,0.36578382247673585,ZL-00481,2024-11,Industrie,116,106.98275862068964,118.25721089931314,-11.2744522786235,11.2744522786235,12410.0,13717.836464320324,-1307.836464320324,False,False,False,False
512,0.36649964209019326,ZL-00627,2024-11,Industrie,159,89.52201257861635,100.80949622848846,-11.287483649872101,11.287483649872101,14234.0,16028.709900329664,-1794.7099003296644,False,False,False,False
513,0.36721546170365066,ZL-00443,2024-12,Gewerbe,20,102.45,91.13138519791072,11.318614802089286,11.318614802089286,2049.0,1822.6277039582144,226.3722960417856,False,False,False,False
514,0.3679312813171081,ZL-00468,2024-12,Kommunal,73,185.43835616438355,196.83196801847873,-11.393611854095184,11.393611854095184,13537.0,14368.733665348947,-831.7336653489474,False,False,False,False
515,0.3686471009305655,ZL-00577,2024-12,Industrie,302,210.453642384106,221.9312560955035,-11.47761371139751,11.47761371139751,63557.0,67023.23934084206,-3466.239340842061,False,False,False,False
516,0.3693629205440229,ZL-00499,2024-12,Kommunal,126,151.92857142857142,140.4186753279081,11.509896100663326,11.509896100663326,19143.0,17692.75309131642,1450.2469086835808,False,False,False,False
517,0.3700787401574803,ZL-00457,2024-11,Industrie,911,152.31174533479694,140.79871589466174,11.513029440135199,11.513029440135199,138756.0,128267.63018003684,10488.369819963162,False,False,False,False
518,0.3707945597709377,ZL-00469,2024-11,Gewerbe,63,97.28571428571428,108.83888988732902,-11.55317560161474,11.55317560161474,6129.0,6856.850062901728,-727.850062901728,False,False,False,False
519,0.37151037938439513,ZL-00146,2024-11,Industrie,704,114.00142045454544,102.34395582516957,11.657464629375866,11.657464629375866,80257.0,72050.14490091937,8206.855099080625,False,False,False,False
520,0.37222619899785253,ZL-00348,2024-11,Gewerbe,32,108.0625,96.39961891423921,11.662881085760787,11.662881085760787,3458.0,3084.787805255655,373.2121947443452,False,False,False,False
521,0.37294201861130993,ZL-00262,2024-11,Gewerbe,53,85.0377358490566,96.7140972218799,-11.676361372823294,11.676361372823294,4507.0,5125.847152759635,-618.8471527596348,False,False,False,False
522,0.37365783822476734,ZL-00243,2024-11,Gewerbe,41,210.7560975609756,199.06770624141336,11.688391319562243,11.688391319562243,8641.0,8161.775955897948,479.2240441020522,False,False,False,False
523,0.3743736578382248,ZL-00044,2024-11,Gewerbe,41,145.4878048780488,133.78873308840235,11.699071789646439,11.699071789646439,5965.0,5485.338056624497,479.66194337550314,False,False,False,False
524,0.3750894774516822,ZL-00530,2024-11,Kommunal,77,231.5064935064935,219.78789521528753,11.718598291205979,11.718598291205979,17826.0,16923.66793157714,902.3320684228602,False,False,False,False
525,0.3758052970651396,ZL-00106,2024-11,Industrie,116,178.88793103448276,190.6228738370331,-11.734942802550336,11.734942802550336,20751.0,22112.25336509584,-1361.2533650958394,False,False,False,False
526,0.376521116678597,ZL-00238,2024-11,Industrie,208,85.75,97.55284478086632,-11.802844780866323,11.802844780866323,17836.0,20290.991714420194,-2454.9917144201936,False,False,False,False
527,0.3772369362920544,ZL-00365,2024-12,Gewerbe,45,185.9777777777778,197.79225700303147,-11.814479225253677,11.814479225253677,8369.0,8900.651565136415,-531.6515651364152,False,False,False,False
528,0.3779527559055118,ZL-00229,2024-12,Industrie,109,139.73394495412845,151.55609518384603,-11.822150229717579,11.822150229717579,15231.0,16519.61437503922,-1288.6143750392184,False,False,False,False
529,0.3786685755189692,ZL-00211,2024-12,Gewerbe,24,215.125,226.95608745188534,-11.831087451885338,11.831087451885338,5163.0,5446.946098845248,-283.94609884524834,False,False,False,False
530,0.3793843951324266,ZL-00203,2024-12,Kommunal,83,93.12048192771084,105.00326466332233,-11.882782735611485,11.882782735611485,7729.0,8715.270967055752,-986.2709670557524,False,False,False,False
531,0.380100214745884,ZL-00101,2024-11,Gewerbe,87,146.77011494252875,134.88209922449676,11.888015718031994,11.888015718031994,12769.0,11734.742632531217,1034.2573674687828,False,False,False,False
532,0.38081603435934147,ZL-00533,2024-11,Industrie,169,126.31952662721892,138.21774240155503,-11.898215774336109,11.898215774336109,21348.0,23358.7984658628,-2010.798465862801,False,False,False,False
533,0.3815318539727989,ZL-00213,2024-12,Gewerbe,117,88.42735042735043,100.36588417409443,-11.938533746744,11.938533746744,10346.0,11742.808448369049,-1396.808448369049,False,False,False,False
534,0.3822476735862563,ZL-00678,2024-12,Industrie,157,114.45859872611464,102.49792916489088,11.960669561223767,11.960669561223767,17970.0,16092.174878887869,1877.8251211121315,False,False,False,False
535,0.3829634931997137,ZL-00668,2024-12,Industrie,322,193.13975155279505,205.10482810554586,-11.965076552750816,11.965076552750816,62191.0,66043.75464998577,-3852.754649985771,False,False,False,False
536,0.3836793128131711,ZL-00504,2024-12,Gewerbe,28,133.39285714285714,121.40214935309518,11.990707789761956,11.990707789761956,3735.0,3399.260181886665,335.7398181133349,False,False,False,False
537,0.3843951324266285,ZL-00686,2024-11,Gewerbe,78,83.46153846153847,95.5648650543469,-12.103326592808429,12.103326592808429,6510.0,7454.059474239058,-944.0594742390576,False,False,False,False
538,0.3851109520400859,ZL-00305,2024-12,Gewerbe,55,233.2,221.09321645252518,12.106783547474805,12.106783547474805,12826.0,12160.126904888884,665.8730951111156,False,False,False,False
539,0.3858267716535433,ZL-00511,2024-12,Gewerbe,45,194.26666666666668,206.39300387952287,-12.126337212856185,12.126337212856185,8742.0,9287.68517457853,-545.6851745785298,False,False,False,False
540,0.3865425912670007,ZL-00179,2024-11,Gewerbe,120,85.90833333333333,98.0658394096126,-12.157506076279262,12.157506076279262,10309.0,11767.90072915351,-1458.9007291535108,False,False,False,False
541,0.38725841088045815,ZL-00674,2024-12,Gewerbe,39,218.30769230769232,206.15001649027687,12.157675817415452,12.157675817415452,8514.0,8039.850643120798,474.14935687920206,False,False,False,False
542,0.38797423049391555,ZL-00265,2024-11,Gewerbe,59,210.61016949152545,222.7682615947257,-12.158092103200232,12.158092103200232,12426.0,13143.327434088815,-717.3274340888147,False,False,False,False
543,0.38869005010737295,ZL-00299,2024-11,Gewerbe,53,188.67924528301887,176.45823410358926,12.22101117942961,12.22101117942961,10000.0,9352.286407490232,647.7135925097682,False,False,False,False
544,0.38940586972083036,ZL-00315,2024-11,Kommunal,169,89.27810650887574,101.50403598507518,-12.22592947619944,12.22592947619944,15088.0,17154.182081477706,-2066.1820814777057,False,False,False,False
545,0.39012168933428776,ZL-00023,2024-11,Industrie,249,179.76706827309238,167.45815630694105,12.308911966151328,12.308911966151328,44762.0,41697.08092042832,3064.9190795716786,False,False,False,False
546,0.39083750894774516,ZL-00572,2024-12,Gewerbe,32,181.0625,168.7317763741555,12.330723625844513,12.330723625844513,5794.0,5399.416843972976,394.5831560270244,False,False,False,False
547,0.39155332856120256,ZL-00122,2024-11,Gewerbe,46,79.08695652173913,91.44146386185385,-12.354507340114722,12.354507340114722,3638.0,4206.307337645277,-568.3073376452767,False,False,False,False
548,0.39226914817465997,ZL-00428,2024-12,Kommunal,48,139.54166666666666,127.15629927569314,12.385367390973514,12.385367390973514,6698.0,6103.502365233271,594.4976347667289,False,False,False,False
549,0.39298496778811737,ZL-00697,2024-11,Industrie,499,200.2765531062124,212.7027872401634,-12.426234133950999,12.426234133950999,99938.0,106138.69083284153,-6200.69083284153,False,False,False,False
550,0.3937007874015748,ZL-00155,2024-11,Industrie,418,207.98564593301435,195.55623987736928,12.429406055645075,12.429406055645075,86938.0,81742.50826874036,5195.491731259637,False,False,False,False
551,0.39441660701503223,ZL-00671,2024-11,Gewerbe,65,180.55384615384617,192.99132612649765,-12.437479972651488,12.437479972651488,11736.0,12544.436198222347,-808.4361982223472,False,False,False,False
552,0.39513242662848963,ZL-00578,2024-11,Gewerbe,61,148.24590163934425,135.7618693469398,12.484032292404464,12.484032292404464,9043.0,8281.474030163326,761.5259698366735,False,False,False,False
553,0.39584824624194703,ZL-00506,2024-12,Gewerbe,67,152.0,139.51080837232269,12.489191627677315,12.489191627677315,10184.0,9347.22416094562,836.7758390543804,False,False,False,False
554,0.39656406585540444,ZL-00538,2024-11,Gewerbe,73,234.5205479452055,222.0222634741319,12.498284471073589,12.498284471073589,17120.0,16207.625233611629,912.3747663883714,False,False,False,False
555,0.39727988546886184,ZL-00144,2024-12,Gewerbe,70,86.67142857142858,99.18000012314027,-12.508571551711697,12.508571551711697,6067.0,6942.600008619819,-875.6000086198192,False,False,False,False
556,0.39799570508231924,ZL-00447,2024-12,Gewerbe,93,221.1397849462365,208.61581025986274,12.523974686373748,12.523974686373748,20566.0,19401.270354167234,1164.7296458327655,False,False,False,False
557,0.39871152469577664,ZL-00341,2024-12,Gewerbe,81,186.40740740740745,198.96991945647727,-12.562512049069824,12.562512049069824,15099.0,16116.563475974659,-1017.563475974659,False,False,False,False
558,0.3994273443092341,ZL-00132,2024-11,Industrie,387,134.21963824289406,121.64782381207525,12.571814430818819,12.571814430818819,51943.0,47077.70781527312,4865.292184726881,False,False,False,False
559,0.4001431639226915,ZL-00636,2024-12,Industrie,369,214.17073170731703,201.54624179251462,12.62448991480241,12.62448991480241,79029.0,74370.5632214379,4658.4367785621,False,False,False,False
560,0.4008589835361489,ZL-00562,2024-12,Kommunal,91,162.69230769230768,175.43703644714248,-12.744728754834796,12.744728754834796,14805.0,15964.770316689965,-1159.7703166899646,False,False,False,False
561,0.4015748031496063,ZL-00410,2024-12,Gewerbe,36,94.33333333333331,107.1094087969777,-12.77607546364439,12.77607546364439,3396.0,3855.9387166911974,-459.93871669119744,False,False,False,False
562,0.4022906227630637,ZL-00031,2024-11,Gewerbe,75,110.08,97.27522866000277,12.804771339997231,12.804771339997231,8256.0,7295.642149500208,960.3578504997922,False,False,False,False
563,0.4030064423765211,ZL-00366,2024-11,Gewerbe,187,190.83957219251337,203.70445229987706,-12.864880107363689,12.864880107363689,35687.0,38092.73258007701,-2405.7325800770122,False,False,False,False
564,0.4037222619899785,ZL-00479,2024-12,Industrie,281,196.38078291814944,209.3205476436137,-12.939764725464272,12.939764725464272,55183.0,58819.073887855455,-3636.073887855455,False,False,False,False
565,0.4044380816034359,ZL-00193,2024-12,Kommunal,122,187.6967213114754,200.65087412521194,-12.954152813736556,12.954152813736556,22899.0,24479.406643275855,-1580.4066432758555,False,False,False,False
566,0.4051539012168933,ZL-00351,2024-12,Gewerbe,48,241.7083333333333,228.747237058442,12.961096274891275,12.961096274891275,11602.0,10979.867378805217,622.1326211947835,False,False,False,False
567,0.4058697208303508,ZL-00612,2024-11,Kommunal,58,107.34482758620688,120.30859387509823,-12.96376628889135,12.96376628889135,6226.0,6977.898444755697,-751.8984447556968,False,False,False,False
568,0.4065855404438082,ZL-00653,2024-12,Gewerbe,48,193.97916666666663,181.0033599048378,12.975806761828835,12.975806761828835,9311.0,8688.161275432214,622.8387245677859,False,False,False,False
569,0.4073013600572656,ZL-00484,2024-12,Industrie,181,118.88950276243094,131.86968842627175,-12.980185663840814,12.980185663840814,21519.0,23868.413605155187,-2349.413605155187,False,False,False,False
570,0.408017179670723,ZL-00455,2024-11,Industrie,259,115.5868725868726,102.59577291813821,12.991099668734392,12.991099668734392,29937.0,26572.305185797795,3364.6948142022047,False,False,False,False
571,0.4087329992841804,ZL-00327,2024-11,Gewerbe,80,123.025,109.96449420402472,13.060505795975288,13.060505795975288,9842.0,8797.159536321977,1044.8404636780233,False,False,False,False
572,0.4094488188976378,ZL-00675,2024-12,Kommunal,46,83.28260869565217,96.34680698392975,-13.06419828827758,13.06419828827758,3831.0,4431.953121260769,-600.953121260769,False,False,False,False
573,0.4101646385110952,ZL-00468,2024-11,Kommunal,73,227.91780821917808,214.83883114751114,13.078977071666941,13.078977071666941,16638.0,15683.234673768313,954.7653262316871,False,False,False,False
574,0.4108804581245526,ZL-00437,2024-12,Gewerbe,81,159.28395061728395,146.10418314968715,13.179767467596804,13.179767467596804,12902.0,11834.438835124658,1067.561164875342,False,False,False,False
575,0.41159627773801,ZL-00353,2024-11,Gewerbe,116,131.18103448275863,117.93737372717631,13.243660755582326,13.243660755582326,15217.0,13680.735352352453,1536.2646476475475,False,False,False,False
576,0.41231209735146745,ZL-00350,2024-11,Industrie,354,133.71468926553672,147.05151642346095,-13.336827157924233,13.336827157924233,47335.0,52056.236813905176,-4721.236813905176,False,False,False,False
577,0.41302791696492486,ZL-00594,2024-11,Industrie,131,170.61832061068702,183.96249454415374,-13.34417393346672,13.34417393346672,22351.0,24099.08678528414,-1748.0867852841402,False,False,False,False
578,0.41374373657838226,ZL-00573,2024-12,Industrie,236,118.53813559322032,105.18463423052974,13.35350136269058,13.35350136269058,27975.0,24823.573678405017,3151.426321594983,False,False,False,False
579,0.41445955619183966,ZL-00304,2024-11,Gewerbe,262,165.91603053435114,152.55130244446883,13.364728089882306,13.364728089882306,43470.0,39968.44124045083,3501.558759549167,False,False,False,False
580,0.41517537580529706,ZL-00618,2024-12,Gewerbe,105,201.95238095238096,188.53834713141194,13.414033820969024,13.414033820969024,21205.0,19796.526448798253,1408.473551201747,False,False,False,False
581,0.41589119541875447,ZL-00648,2024-12,Gewerbe,66,137.22727272727272,123.80614697227837,13.42112575499435,13.42112575499435,9057.0,8171.205700170372,885.7942998296276,False,False,False,False
582,0.41660701503221187,ZL-00230,2024-11,Gewerbe,70,124.4,110.95598691105816,13.444013088941844,13.444013088941844,8708.0,7766.919083774072,941.0809162259284,False,False,False,False
583,0.41732283464566927,ZL-00158,2024-12,Kommunal,75,141.52,128.05900591256145,13.460994087438564,13.460994087438564,10614.0,9604.42544344211,1009.5745565578909,False,False,False,False
584,0.4180386542591267,ZL-00293,2024-12,Gewerbe,150,207.63333333333333,194.17059227692693,13.4627410564064,13.4627410564064,31145.0,29125.58884153904,2019.41115846096,False,False,False,False
585,0.41875447387258413,ZL-00663,2024-12,Gewerbe,56,87.08928571428571,100.56849991673717,-13.479214202451459,13.479214202451459,4877.0,5631.835995337281,-754.835995337281,False,False,False,False
586,0.41947029348604153,ZL-00531,2024-12,Industrie,408,132.80392156862746,146.31350265548303,-13.509581086855576,13.509581086855576,54184.0,59695.90908343708,-5511.90908343708,False,False,False,False
587,0.42018611309949894,ZL-00547,2024-12,Industrie,278,117.33453237410072,103.76922380366409,13.565308570436628,13.565308570436628,32619.0,28847.844217418617,3771.1557825813834,False,False,False,False
588,0.42090193271295634,ZL-00621,2024-11,Industrie,290,150.9344827586207,137.31481482783286,13.619667930787841,13.619667930787841,43771.0,39821.29630007153,3949.7036999284683,False,False,False,False
589,0.42161775232641374,ZL-00249,2024-12,Industrie,314,160.19426751592357,173.82691924686813,-13.63265173094456,13.63265173094456,50301.0,54581.652643516594,-4280.652643516594,False,False,False,False
590,0.42233357193987114,ZL-00086,2024-12,Gewerbe,97,142.7422680412371,129.09822014235587,13.64404789888124,13.64404789888124,13846.0,12522.52735380852,1323.4726461914797,False,False,False,False
591,0.42304939155332855,ZL-00649,2024-11,Kommunal,58,216.0862068965517,202.41864681315474,13.66756008339695,13.66756008339695,12533.0,11740.281515162975,792.7184848370252,False,False,False,False
592,0.42376521116678595,ZL-00416,2024-11,Gewerbe,25,143.4,157.08395026564648,-13.683950265646473,13.683950265646473,3585.0,3927.098756641162,-342.0987566411618,False,False,False,False
593,0.42448103078024335,ZL-00635,2024-12,Industrie,275,214.75636363636363,228.48059835193828,-13.724234715574653,13.724234715574653,59058.0,62832.16454678303,-3774.1645467830313,False,False,False,False
594,0.4251968503937008,ZL-00121,2024-12,Gewerbe,83,195.6144578313253,209.3636573425196,-13.749199511194291,13.749199511194291,16236.0,17377.183559429126,-1141.183559429126,False,False,False,False
595,0.4259126700071582,ZL-00573,2024-11,Industrie,236,111.03389830508476,97.2792210566506,13.754677248434163,13.754677248434163,26204.0,22957.896169369542,3246.103830630458,False,False,False,False
596,0.4266284896206156,ZL-00015,2024-11,Gewerbe,53,130.28301886792454,144.03810684528202,-13.755087977357476,13.755087977357476,6905.0,7634.019662799947,-729.0196627999467,False,False,False,False
597,0.427344309234073,ZL-00467,2024-12,Gewerbe,52,122.3846153846154,108.62298330263228,13.761632081983123,13.761632081983123,6364.0,5648.395131736878,715.6048682631217,False,False,False,False
598,0.4280601288475304,ZL-00281,2024-11,Industrie,165,103.2060606060606,116.9886576142815,-13.78259700822089,13.78259700822089,17029.0,19303.128506356446,-2274.1285063564465,False,False,False,False
599,0.4287759484609878,ZL-00169,2024-11,Gewerbe,37,87.08108108108108,100.93658796223696,-13.855506881155875,13.855506881155875,3222.0,3734.6537546027675,-512.6537546027675,False,False,False,False
600,0.4294917680744452,ZL-00328,2024-12,Gewerbe,36,127.25,141.12530474519798,-13.87530474519798,13.87530474519798,4581.0,5080.5109708271275,-499.5109708271275,False,False,False,False
601,0.4302075876879026,ZL-00333,2024-12,Industrie,252,189.8333333333333,203.8012424182884,-13.967909084955124,13.967909084955124,47838.0,51357.91308940868,-3519.9130894086775,False,False,False,False
602,0.4309234073013601,ZL-00189,2024-12,Industrie,123,156.0731707317073,142.0266311897997,14.046539541907606,14.046539541907606,19197.0,17469.275636345363,1727.7243636546373,False,False,False,False
603,0.4316392269148175,ZL-00004,2024-11,Kommunal,97,125.41237113402062,139.4848303596715,-14.072459225650874,14.072459225650874,12165.0,13530.028544888135,-1365.028544888135,False,False,False,False
604,0.4323550465282749,ZL-00681,2024-12,Industrie,761,74.1419185282523,88.2520558145914,-14.110137286339096,14.110137286339096,56422.0,67159.81447490405,-10737.814474904051,False,False,False,False
605,0.4330708661417323,ZL-00275,2024-11,Kommunal,51,208.35294117647052,222.46427976740262,-14.111338590932093,14.111338590932093,10626.0,11345.678268137533,-719.6782681375335,False,False,False,False
606,0.4337866857551897,ZL-00432,2024-12,Gewerbe,25,154.76,140.63889838057747,14.121101619422518,14.121101619422518,3869.0,3515.9724595144367,353.02754048556335,False,False,False,False
607,0.4345025053686471,ZL-00526,2024-12,Gewerbe,78,194.78205128205127,208.9311135367973,-14.149062254746042,14.149062254746042,15193.0,16296.62685587019,-1103.6268558701904,False,False,False,False
608,0.4352183249821045,ZL-00130,2024-11,Industrie,122,111.84426229508196,97.67187323402626,14.172389061055696,14.172389061055696,13645.0,11915.968534551204,1729.0314654487956,False,False,False,False
609,0.4359341445955619,ZL-00218,2024-11,Gewerbe,20,180.05,194.27753460213816,-14.22753460213815,14.22753460213815,3601.0,3885.5506920427633,-284.55069204276333,False,False,False,False
610,0.4366499642090193,ZL-00613,2024-12,Industrie,276,158.36231884057972,144.09675067106937,14.265568169510345,14.265568169510345,43708.0,39770.70318521515,3937.2968147848514,False,False,False,False
611,0.43736578382247676,ZL-00369,2024-12,Industrie,153,236.5751633986928,222.24511806548063,14.330045333212183,14.330045333212183,36196.0,34003.503064018536,2192.496935981464,False,False,False,False
612,0.43808160343593416,ZL-00215,2024-11,Gewerbe,41,76.58536585365853,90.9393449758935,-14.353979122234975,14.353979122234975,3140.0,3728.513144011634,-588.5131440116338,False,False,False,False
613,0.43879742304939157,ZL-00112,2024-11,Gewerbe,63,168.87301587301587,183.3309564449546,-14.457940571938735,14.457940571938735,10639.0,11549.85025603214,-910.8502560321394,False,False,False,False
614,0.43951324266284897,ZL-00527,2024-11,Industrie,131,156.93129770992363,171.42503443086798,-14.493736720944355,14.493736720944355,20558.0,22456.679510443704,-1898.6795104437042,False,False,False,False
615,0.44022906227630637,ZL-00120,2024-11,Industrie,391,158.82864450127877,144.31291187881945,14.515732622459325,14.515732622459325,62102.0,56426.348544618406,5675.651455381594,False,False,False,False
616,0.4409448818897638,ZL-00209,2024-12,Industrie,171,111.4327485380117,96.9014823021851,14.531266235826592,14.531266235826592,19055.0,16570.153473673654,2484.846526326346,False,False,False,False
617,0.4416607015032212,ZL-00208,2024-12,Gewerbe,62,158.01612903225808,172.57260598114317,-14.556476948885091,14.556476948885091,9797.0,10699.501570830877,-902.5015708308765,False,False,False,False
618,0.4423765211166786,ZL-00476,2024-12,Gewerbe,28,186.1428571428572,200.72079179644405,-14.577934653586851,14.577934653586851,5212.0,5620.182170300433,-408.1821703004334,False,False,False,False
619,0.443092340730136,ZL-00131,2024-11,Industrie,140,168.57142857142858,183.15291852673562,-14.581489955307035,14.581489955307035,23600.0,25641.408593742988,-2041.4085937429882,False,False,False,False
620,0.44380816034359344,ZL-00517,2024-12,Industrie,191,95.56020942408377,110.204304817051,-14.64409539296723,14.64409539296723,18252.0,21049.02222005674,-2797.0222200567405,False,False,False,False
621,0.44452397995705084,ZL-00590,2024-12,Gewerbe,79,192.9493670886076,207.61842199820958,-14.669054909601982,14.669054909601982,15243.0,16401.855337858557,-1158.8553378585566,False,False,False,False
622,0.44523979957050824,ZL-00665,2024-11,Gewerbe,26,110.42307692307692,95.73813071492243,14.684946208154486,14.684946208154486,2871.0,2489.1913985879833,381.80860141201674,False,False,False,False
623,0.44595561918396565,ZL-00072,2024-11,Kommunal,158,113.69620253164555,98.98041346635735,14.715789065288206,14.715789065288206,17964.0,15638.90532768446,2325.0946723155394,False,False,False,False
624,0.44667143879742305,ZL-00596,2024-11,Gewerbe,28,182.53571428571428,167.80768449006834,14.728029795645938,14.728029795645938,5111.0,4698.615165721913,412.3848342780866,False,False,False,False
625,0.44738725841088045,ZL-00483,2024-12,Industrie,486,171.65843621399176,156.91229023011792,14.746145983873845,14.746145983873845,83426.0,76259.3730518373,7166.626948162695,False,False,False,False
626,0.44810307802433785,ZL-00612,2024-12,Kommunal,58,136.20689655172413,121.40962767704262,14.797268874681507,14.797268874681507,7900.0,7041.758405268472,858.2415947315276,False,False,False,False
627,0.44881889763779526,ZL-00215,2024-12,Gewerbe,41,111.36585365853658,96.55286314638005,14.812990512156532,14.812990512156532,4566.0,3958.667389001582,607.3326109984182,False,False,False,False
628,0.44953471725125266,ZL-00125,2024-11,Gewerbe,52,204.73076923076923,219.54744992418472,-14.816680693415492,14.816680693415492,10646.0,11416.467396057606,-770.4673960576056,False,False,False,False
629,0.4502505368647101,ZL-00458,2024-12,Gewerbe,86,121.27906976744184,106.2917197454251,14.987350022016741,14.987350022016741,10430.0,9141.087898106558,1288.912101893442,False,False,False,False
630,0.4509663564781675,ZL-00492,2024-11,Gewerbe,37,91.7837837837838,106.85573690916995,-15.071953125386145,15.071953125386145,3396.0,3953.6622656392883,-557.6622656392883,False,False,False,False
631,0.4516821760916249,ZL-00238,2024-12,Industrie,208,86.72596153846153,101.80109141848973,-15.0751298800282,15.0751298800282,18039.0,21174.627015045866,-3135.627015045866,False,False,False,False
632,0.4523979957050823,ZL-00456,2024-12,Gewerbe,38,215.02631578947367,199.9489781834066,15.077337606067061,15.077337606067061,8171.0,7598.061170969451,572.9388290305487,False,False,False,False
633,0.4531138153185397,ZL-00460,2024-11,Gewerbe,42,139.66666666666666,124.5278731283535,15.138793538313152,15.138793538313152,5866.0,5230.170671390847,635.829328609153,False,False,False,False
634,0.45382963493199713,ZL-00261,2024-11,Gewerbe,29,151.20689655172413,135.97340879008078,15.233487761643346,15.233487761643346,4385.0,3943.2288549123427,441.77114508765726,False,False,False,False
635,0.45454545454545453,ZL-00199,2024-12,Gewerbe,20,114.55,99.30579816811463,15.244201831885363,15.244201831885363,2291.0,1986.1159633622926,304.88403663770737,False,False,False,False
636,0.45526127415891193,ZL-00154,2024-11,Gewerbe,129,188.7751937984496,204.1363061797708,-15.361112381321192,15.361112381321192,24352.0,26333.583497190433,-1981.5834971904333,False,False,False,False
637,0.4559770937723694,ZL-00204,2024-11,Gewerbe,122,113.45081967213116,98.038535829567,15.412283842564165,15.412283842564165,13841.0,11960.701371207173,1880.298628792827,False,False,False,False
638,0.4566929133858268,ZL-00402,2024-12,Gewerbe,31,117.93548387096774,102.50698394673508,15.428499924232668,15.428499924232668,3656.0,3177.7165023487873,478.28349765121266,False,False,False,False
639,0.4574087329992842,ZL-00327,2024-12,Gewerbe,80,138.5125,123.07075549903314,15.441744500966848,15.441744500966848,11081.0,9845.66043992265,1235.3395600773492,False,False,False,False
640,0.4581245526127416,ZL-00363,2024-12,Gewerbe,48,118.375,102.89649481804965,15.478505181950354,15.478505181950354,5682.0,4939.031751266383,742.9682487336167,False,False,False,False
641,0.458840372226199,ZL-00098,2024-11,Gewerbe,45,137.82222222222222,153.30099363639658,-15.47877141417436,15.47877141417436,6202.0,6898.544713637846,-696.5447136378461,False,False,False,False
642,0.4595561918396564,ZL-00069,2024-11,Gewerbe,37,197.48648648648648,181.99045650689843,15.496029979588059,15.496029979588059,7307.0,6733.646890755242,573.3531092447583,False,False,False,False
643,0.4602720114531138,ZL-00392,2024-12,Industrie,119,153.89915966386553,138.37723714636968,15.521922517495852,15.521922517495852,18314.0,16466.89122041799,1847.1087795820094,False,False,False,False
644,0.4609878310665712,ZL-00087,2024-12,Gewerbe,34,211.23529411764707,195.6505119460443,15.584782171602768,15.584782171602768,7182.0,6652.1174061655065,529.8825938344935,False,False,False,False
645,0.4617036506800286,ZL-00124,2024-11,Gewerbe,26,172.07692307692307,187.6767714281176,-15.599848351194538,15.599848351194538,4474.0,4879.596057131058,-405.59605713105793,False,False,False,False
646,0.46241947029348607,ZL-00410,2024-11,Gewerbe,36,85.86111111111111,101.48680224414069,-15.625691133029576,15.625691133029576,3091.0,3653.524880789065,-562.5248807890648,False,False,False,False
647,0.46313528990694347,ZL-00259,2024-11,Kommunal,114,184.57894736842104,168.9390151153494,15.639932253071635,15.639932253071635,21042.0,19259.047723149833,1782.9522768501665,False,False,False,False
648,0.4638511095204009,ZL-00676,2024-11,Industrie,360,89.71388888888887,105.38693830968603,-15.673049420797156,15.673049420797156,32297.0,37939.29779148697,-5642.29779148697,False,False,False,False
649,0.4645669291338583,ZL-00512,2024-12,Kommunal,215,188.14883720930231,172.47232421376776,15.676512995534551,15.676512995534551,40452.0,37081.54970596007,3370.4502940399325,False,False,False,False
650,0.4652827487473157,ZL-00019,2024-11,Kommunal,146,93.84931506849315,109.54813235551818,-15.698817287025022,15.698817287025022,13702.0,15994.027323905653,-2292.0273239056532,False,False,False,False
651,0.4659985683607731,ZL-00346,2024-12,Gewerbe,105,197.3523809523809,213.07039016308383,-15.718009210702917,15.718009210702917,20722.0,22372.390967123803,-1650.3909671238034,False,False,False,False
652,0.4667143879742305,ZL-00611,2024-11,Industrie,374,183.59893048128345,199.38221875263537,-15.783288271351921,15.783288271351921,68666.0,74568.94981348563,-5902.949813485626,False,False,False,False
653,0.4674302075876879,ZL-00551,2024-12,Gewerbe,57,216.0701754385965,200.27394337777574,15.796232060820756,15.796232060820756,12316.0,11415.614772533218,900.3852274667825,False,False,False,False
654,0.4681460272011453,ZL-00433,2024-12,Gewerbe,30,111.33333333333331,95.53283712972848,15.800496203604837,15.800496203604837,3340.0,2865.9851138918543,474.0148861081457,False,False,False,False
655,0.46886184681460275,ZL-00534,2024-11,Gewerbe,49,212.79591836734693,196.9766906444922,15.81922772285472,15.81922772285472,10427.0,9651.857841580118,775.1421584198815,False,False,False,False
656,0.46957766642806015,ZL-00072,2024-12,Kommunal,158,118.8481012658228,103.02653352934708,15.821567736475728,15.821567736475728,18778.0,16278.192297636839,2499.8077023631613,False,False,False,False
657,0.47029348604151755,ZL-00190,2024-12,Gewerbe,39,147.28205128205127,131.45872652425285,15.823324757798417,15.823324757798417,5744.0,5126.890334445861,617.1096655541387,False,False,False,False
658,0.47100930565497495,ZL-00517,2024-11,Industrie,191,76.90575916230367,92.75366191169488,-15.84790274939121,15.84790274939121,14689.0,17715.94942513372,-3026.94942513372,False,False,False,False
659,0.47172512526843235,ZL-00402,2024-11,Gewerbe,31,90.96774193548389,106.83772784787257,-15.869985912388685,15.869985912388685,2820.0,3311.96956328405,-491.96956328404985,False,False,False,False
660,0.47244094488188976,ZL-00685,2024-11,Gewerbe,27,81.81481481481481,97.6867617243737,-15.871946909558886,15.871946909558886,2209.0,2637.5425665580897,-428.5425665580897,False,False,False,False
661,0.47315676449534716,ZL-00332,2024-11,Industrie,144,121.70833333333331,137.6176778017079,-15.909344468374599,15.909344468374599,17526.0,19816.94560344594,-2290.94560344594,False,False,False,False
662,0.47387258410880456,ZL-00086,2024-11,Gewerbe,97,133.06185567010309,117.1380606941092,15.923794975993886,15.923794975993886,12907.0,11362.391887328593,1544.608112671407,False,False,False,False
663,0.47458840372226196,ZL-00592,2024-11,Industrie,284,183.42605633802816,167.4554758613567,15.970580476671472,15.970580476671472,52093.0,47557.3551446253,4535.644855374703,False,False,False,False
664,0.4753042233357194,ZL-00145,2024-12,Gewerbe,105,221.66666666666663,205.68247915909294,15.984187507573694,15.984187507573694,23275.0,21596.66031170476,1678.3396882952402,False,False,False,False
665,0.4760200429491768,ZL-00257,2024-12,Gewerbe,44,147.6590909090909,131.67226511943656,15.986825789654347,15.986825789654347,6497.0,5793.579665255209,703.420334744791,False,False,False,False
666,0.4767358625626342,ZL-00028,2024-11,Industrie,321,111.89719626168224,95.8808423195234,16.016353942158844,16.016353942158844,35919.0,30777.75038456701,5141.249615432989,False,False,False,False
667,0.47745168217609163,ZL-00016,2024-12,Kommunal,115,134.34782608695653,150.36795926116,-16.020133174203465,16.020133174203465,15450.0,17292.3153150334,-1842.3153150334,False,False,False,False
668,0.47816750178954903,ZL-00414,2024-12,Gewerbe,38,123.92105263157896,107.80973701730342,16.11131561427554,16.11131561427554,4709.0,4096.77000665753,612.2299933424702,False,False,False,False
669,0.47888332140300643,ZL-00647,2024-11,Gewerbe,76,133.1315789473684,117.01477728613104,16.116801661237375,16.116801661237375,10118.0,8893.12307374596,1224.8769262540409,False,False,False,False
670,0.47959914101646384,ZL-00274,2024-11,Industrie,290,121.2896551724138,105.11468857519093,16.174966597222877,16.174966597222877,35174.0,30483.25968680537,4690.74031319463,False,False,False,False
671,0.48031496062992124,ZL-00477,2024-12,Gewerbe,24,99.875,83.64875715537636,16.22624284462364,16.22624284462364,2397.0,2007.5701717290326,389.4298282709674,False,False,False,False
672,0.48103078024337864,ZL-00388,2024-11,Gewerbe,81,183.22222222222223,166.98199509476234,16.24022712745989,16.24022712745989,14841.0,13525.54160267575,1315.4583973242497,False,False,False,False
673,0.4817465998568361,ZL-00200,2024-11,Gewerbe,38,214.92105263157896,198.59384752244586,16.327205109133104,16.327205109133104,8167.0,7546.566205852942,620.4337941470576,False,False,False,False
674,0.4824624194702935,ZL-00345,2024-12,Gewerbe,168,146.00595238095238,129.630859162701,16.37509321825138,16.37509321825138,24529.0,21777.98433933377,2751.0156606662313,False,False,False,False
675,0.4831782390837509,ZL-00615,2024-11,Gewerbe,60,133.5,117.10263715268647,16.39736284731353,16.39736284731353,8010.0,7026.1582291611885,983.8417708388115,False,False,False,False
676,0.4838940586972083,ZL-00479,2024-11,Industrie,281,217.65124555160145,201.24225327894987,16.408992272651574,16.408992272651574,61160.0,56549.073171384916,4610.926828615084,False,False,False,False
677,0.4846098783106657,ZL-00427,2024-11,Gewerbe,90,112.42222222222222,95.97074759195415,16.451474630268066,16.451474630268066,10118.0,8637.367283275873,1480.632716724127,False,False,False,False
678,0.4853256979241231,ZL-00458,2024-11,Gewerbe,86,93.9186046511628,110.41917355640224,-16.500568905239447,16.500568905239447,8077.0,9496.048925850593,-1419.0489258505932,False,False,False,False
679,0.4860415175375805,ZL-00282,2024-12,Gewerbe,85,226.0705882352941,209.5423329903929,16.528255244901203,16.528255244901203,19216.0,17811.098304183397,1404.901695816603,False,False,False,False
680,0.4867573371510379,ZL-00003,2024-11,Gewerbe,23,113.8695652173913,97.27493135379622,16.594633863595078,16.594633863595078,2619.0,2237.323421137313,381.67657886268717,False,False,False,False
681,0.4874731567644954,ZL-00348,2024-12,Gewerbe,32,123.90625,107.25966944381396,16.646580556186038,16.646580556186038,3965.0,3432.309422202047,532.6905777979532,False,False,False,False
682,0.4881889763779528,ZL-00660,2024-11,Gewerbe,191,98.8586387434555,115.55453802544307,-16.695899281987565,16.695899281987565,18882.0,22070.916762859626,-3188.916762859626,False,False,False,False
683,0.4889047959914102,ZL-00616,2024-12,Gewerbe,30,183.06666666666663,199.7893638993462,-16.722697232679565,16.722697232679565,5492.0,5993.6809169803855,-501.6809169803855,False,False,False,False
684,0.4896206156048676,ZL-00256,2024-11,Gewerbe,44,173.63636363636363,190.36451137921748,-16.72814774285385,16.72814774285385,7640.0,8376.038500685569,-736.0385006855686,False,False,False,False
685,0.490336435218325,ZL-00548,2024-12,Gewerbe,81,87.91358024691358,104.70561074000153,-16.79203049308795,16.79203049308795,7121.0,8481.154469940124,-1360.1544699401238,False,False,False,False
686,0.4910522548317824,ZL-00594,2024-12,Industrie,131,117.12213740458016,133.92729274127936,-16.8051553366992,16.8051553366992,15343.0,17544.475349107597,-2201.475349107597,False,False,False,False
687,0.4917680744452398,ZL-00149,2024-11,Kommunal,161,121.19875776397517,138.03195737730226,-16.833199613327096,16.833199613327096,19513.0,22223.145137745665,-2710.145137745665,False,False,False,False
688,0.4924838940586972,ZL-00168,2024-11,Kommunal,82,202.609756097561,219.50176789622697,-16.892011798665976,16.892011798665976,16614.0,17999.14496749061,-1385.1449674906107,False,False,False,False
689,0.4931997136721546,ZL-00029,2024-12,Kommunal,246,152.2439024390244,135.31344357987035,16.930458859154044,16.930458859154044,37452.0,33287.10712064811,4164.8928793518935,False,False,False,False
690,0.49391553328561205,ZL-00021,2024-11,Kommunal,94,84.26595744680851,101.19807109778819,-16.932113650979673,16.932113650979673,7921.0,9512.61868319209,-1591.6186831920895,False,False,False,False
691,0.49463135289906945,ZL-00470,2024-12,Industrie,339,218.3716814159292,201.4311144603943,16.940566955534905,16.940566955534905,74028.0,68285.14780207367,5742.852197926331,False,False,False,False
692,0.49534717251252686,ZL-00001,2024-12,Gewerbe,186,116.44086021505376,99.36094232620557,17.079917888848186,17.079917888848186,21658.0,18481.135272674237,3176.864727325763,False,False,False,False
693,0.49606299212598426,ZL-00272,2024-12,Kommunal,35,148.85714285714286,131.77023061523553,17.086912241907328,17.086912241907328,5210.0,4611.958071533244,598.041928466756,False,False,False,False
694,0.49677881173944166,ZL-00596,2024-12,Gewerbe,28,191.6428571428572,174.54201557015287,17.100841572704326,17.100841572704326,5366.0,4887.17643596428,478.82356403571976,False,False,False,False
695,0.49749463135289906,ZL-00059,2024-12,Industrie,200,187.62,170.51389762831894,17.10610237168106,17.10610237168106,37524.0,34102.77952566379,3421.220474336209,False,False,False,False
696,0.49821045096635647,ZL-00425,2024-12,Kommunal,63,186.6190476190476,203.76443467043518,-17.145387051387587,17.145387051387587,11757.0,12837.159384237417,-1080.1593842374168,False,False,False,False
697,0.49892627057981387,ZL-00241,2024-11,Gewerbe,42,121.04761904761904,138.25877189096403,-17.21115284334499,17.21115284334499,5084.0,5806.868419420489,-722.8684194204889,False,False,False,False
698,0.49964209019327127,ZL-00036,2024-12,Gewerbe,43,207.11627906976744,189.89340715587744,17.222871913890003,17.222871913890003,8906.0,8165.41650770273,740.5834922972699,False,False,False,False
699,0.5003579098067287,ZL-00213,2024-11,Gewerbe,117,60.70940170940171,78.00410662254667,-17.29470491314496,17.29470491314496,7103.0,9126.480474837961,-2023.480474837961,False,False,False,False
700,0.5010737294201861,ZL-00119,2024-11,Industrie,354,101.36158192090396,118.78892829027225,-17.427346369368294,17.427346369368294,35882.0,42051.280614756375,-6169.280614756375,False,False,False,False
701,0.5017895490336435,ZL-00321,2024-11,Gewerbe,52,153.23076923076923,170.68675845037924,-17.455989219610018,17.455989219610018,7968.0,8875.711439419722,-907.7114394197215,False,False,False,False
702,0.5025053686471009,ZL-00482,2024-11,Kommunal,124,181.6693548387097,164.19560222045223,17.473752618257464,17.473752618257464,22527.0,20360.254675336077,2166.7453246639234,False,False,False,False
703,0.5032211882605584,ZL-00553,2024-12,Gewerbe,41,213.390243902439,195.89953244786415,17.490711454574864,17.490711454574864,8749.0,8031.88083036243,717.1191696375699,False,False,False,False
704,0.5039370078740157,ZL-00694,2024-12,Kommunal,127,186.8188976377953,204.34219010953123,-17.523292471735942,17.523292471735942,23726.0,25951.458143910466,-2225.458143910466,False,False,False,False
705,0.5046528274874732,ZL-00417,2024-11,Industrie,98,225.9591836734694,243.56250783624253,-17.603324162773134,17.603324162773134,22144.0,23869.12576795177,-1725.1257679517694,False,False,False,False
706,0.5053686471009305,ZL-00239,2024-12,Gewerbe,43,129.90697674418604,112.2522111568094,17.654765587376644,17.654765587376644,5586.0,4826.845079742804,759.154920257196,False,False,False,False
707,0.506084466714388,ZL-00054,2024-12,Industrie,219,93.32876712328768,111.06033004196853,-17.73156291868085,17.73156291868085,20439.0,24322.212279191106,-3883.212279191106,False,False,False,False
708,0.5068002863278454,ZL-00466,2024-12,Industrie,231,232.05627705627705,214.3147745374854,17.741502518791663,17.741502518791663,53605.0,49506.71291815912,4098.287081840877,False,False,False,False
709,0.5075161059413028,ZL-00230,2024-12,Gewerbe,70,139.02857142857144,121.28388159369334,17.744689834878102,17.744689834878102,9732.0,8489.871711558533,1242.1282884414668,False,False,False,False
710,0.5082319255547602,ZL-00314,2024-11,Gewerbe,47,78.7872340425532,96.5730594175458,-17.785825374992612,17.785825374992612,3703.0,4538.933792624653,-835.9337926246526,False,False,False,False
711,0.5089477451682176,ZL-00110,2024-12,Industrie,381,118.10761154855643,100.26839100134973,17.839220547206708,17.839220547206708,44999.0,38202.256971514245,6796.743028485755,False,False,False,False
712,0.5096635647816751,ZL-00488,2024-11,Industrie,321,182.93769470404985,165.09775616497737,17.839938539072477,17.839938539072477,58723.0,52996.379728957734,5726.620271042266,False,False,False,False
713,0.5103793843951324,ZL-00529,2024-12,Gewerbe,99,79.78787878787878,97.63235498160955,-17.84447619373077,17.84447619373077,7899.0,9665.603143179345,-1766.6031431793454,False,False,False,False
714,0.5110952040085899,ZL-00169,2024-12,Gewerbe,37,126.4054054054054,108.47159511844305,17.933810286962355,17.933810286962355,4677.0,4013.4490193823926,663.5509806176074,False,False,False,False
715,0.5118110236220472,ZL-00085,2024-11,Gewerbe,41,130.65853658536585,112.68742709123917,17.97110949412668,17.97110949412668,5357.0,4620.184510740806,736.8154892591938,False,False,False,False
716,0.5125268432355047,ZL-00235,2024-12,Industrie,225,161.09333333333333,179.11131490162478,-18.017981568291447,18.017981568291447,36246.0,40300.04585286557,-4054.0458528655727,False,False,False,False
717,0.513242662848962,ZL-00064,2024-11,Gewerbe,79,197.0126582278481,178.95713678763164,18.055521440216467,18.055521440216467,15564.0,14137.6138062229,1426.3861937770998,False,False,False,False
718,0.5139584824624195,ZL-00670,2024-12,Kommunal,28,172.53571428571428,154.47516883518452,18.06054545052976,18.06054545052976,4831.0,4325.304727385166,505.6952726148338,False,False,False,False
719,0.5146743020758768,ZL-00286,2024-12,Kommunal,76,189.8815789473684,171.82064684668504,18.060932100683374,18.060932100683374,14431.0,13058.369160348062,1372.630839651938,False,False,False,False
720,0.5153901216893343,ZL-00491,2024-11,Gewerbe,107,125.196261682243,143.27994103988362,-18.08367935764062,18.08367935764062,13396.0,15330.953691267548,-1934.9536912675485,False,False,False,False
721,0.5161059413027917,ZL-00413,2024-11,Industrie,295,198.0338983050848,179.8513498095474,18.18254849553739,18.18254849553739,58420.0,53056.14819381648,5363.85180618352,False,False,False,False
722,0.5168217609162491,ZL-00170,2024-12,Gewerbe,44,191.0681818181818,172.8679035766171,18.200278241564718,18.200278241564718,8407.0,7606.187757371152,800.8122426288483,False,False,False,False
723,0.5175375805297066,ZL-00669,2024-12,Gewerbe,42,168.76190476190476,150.5549970344434,18.206907727461356,18.206907727461356,7088.0,6323.309875446623,764.6901245533772,False,False,False,False
724,0.5182534001431639,ZL-00143,2024-11,Gewerbe,70,115.97142857142858,97.68470086229557,18.286727709133004,18.286727709133004,8118.0,6837.92906036069,1280.0709396393104,False,False,False,False
725,0.5189692197566214,ZL-00018,2024-12,Gewerbe,34,135.52941176470588,117.21134733750803,18.318064427197854,18.318064427197854,4608.0,3985.185809475273,622.8141905247271,False,False,False,False
726,0.5196850393700787,ZL-00420,2024-11,Gewerbe,37,81.1891891891892,99.53130447421081,-18.34211528502162,18.34211528502162,3004.0,3682.6582655458,-678.6582655458001,False,False,False,False
727,0.5204008589835362,ZL-00652,2024-12,Gewerbe,89,190.7977528089888,172.45308142883073,18.344671380158076,18.344671380158076,16981.0,15348.324247165934,1632.6757528340659,False,False,False,False
728,0.5211166785969935,ZL-00589,2024-12,Gewerbe,54,158.07407407407408,139.71893011133403,18.355143962740044,18.355143962740044,8536.0,7544.822226012037,991.1777739879626,False,False,False,False
729,0.521832498210451,ZL-00022,2024-12,Gewerbe,71,186.80281690140845,205.16817595843335,-18.365359057024904,18.365359057024904,13263.0,14566.940493048767,-1303.9404930487672,False,False,False,False
730,0.5225483178239084,ZL-00633,2024-12,Gewerbe,202,151.68316831683168,170.0712942889311,-18.38812597209943,18.38812597209943,30640.0,34354.401446364085,-3714.401446364085,False,False,False,False
731,0.5232641374373658,ZL-00465,2024-11,Gewerbe,20,185.1,166.69069866533775,18.409301334662246,18.409301334662246,3702.0,3333.813973306755,368.1860266932449,False,False,False,False
732,0.5239799570508232,ZL-00205,2024-11,Gewerbe,23,138.30434782608697,119.88614171281566,18.41820611327131,18.41820611327131,3181.0,2757.38125939476,423.61874060523996,False,False,False,False
733,0.5246957766642806,ZL-00530,2024-12,Kommunal,77,230.93506493506493,212.47038784950192,18.46467708556301,18.46467708556301,17782.0,16360.219864411647,1421.780135588353,False,False,False,False
734,0.525411596277738,ZL-00560,2024-11,Industrie,229,123.00873362445417,104.53545071723276,18.473282907221403,18.473282907221403,28169.0,23938.618214246304,4230.381785753696,False,False,False,False
735,0.5261274158911954,ZL-00504,2024-11,Gewerbe,28,166.25,147.74395804706114,18.50604195293886,18.50604195293886,4655.0,4136.830825317712,518.169174682288,False,False,False,False
736,0.5268432355046528,ZL-00654,2024-11,Gewerbe,133,239.7894736842105,221.11620425380616,18.673269430404332,18.673269430404332,31892.0,29408.45516575622,2483.544834243781,False,False,False,False
737,0.5275590551181102,ZL-00087,2024-11,Gewerbe,34,151.35294117647058,132.6221381515994,18.730803024871193,18.730803024871193,5146.0,4509.152697154379,636.847302845621,False,False,False,False
738,0.5282748747315676,ZL-00640,2024-11,Gewerbe,51,201.35294117647052,220.1226160548654,-18.76967487839488,18.76967487839488,10269.0,11226.253418798136,-957.2534187981364,False,False,False,False
739,0.5289906943450251,ZL-00065,2024-12,Gewerbe,88,130.95454545454547,112.17860535840988,18.775940096135585,18.775940096135585,11524.0,9871.71727154007,1652.2827284599298,False,False,False,False
740,0.5297065139584825,ZL-00616,2024-11,Gewerbe,30,217.0,198.19757161330958,18.802428386690423,18.802428386690423,6510.0,5945.927148399287,564.072851600713,False,False,False,False
741,0.5304223335719399,ZL-00471,2024-12,Kommunal,96,223.1875,204.36508053409221,18.822419465907785,18.822419465907785,21426.0,19619.047731272854,1806.9522687271456,False,False,False,False
742,0.5311381531853973,ZL-00222,2024-12,Gewerbe,50,221.5,202.63798491765,18.862015082350013,18.862015082350013,11075.0,10131.8992458825,943.1007541175004,False,False,False,False
743,0.5318539727988547,ZL-00694,2024-11,Kommunal,127,226.68503937007875,207.79994295194248,18.88509641813627,18.88509641813627,28789.0,26390.592754896694,2398.407245103306,False,False,False,False
744,0.5325697924123121,ZL-00036,2024-11,Gewerbe,43,175.7906976744186,194.6976240296389,-18.906926355220293,18.906926355220293,7559.0,8371.997833274472,-812.9978332744722,False,False,False,False
745,0.5332856120257695,ZL-00321,2024-12,Gewerbe,52,150.44230769230768,169.3660990006494,-18.92379130834172,18.92379130834172,7823.0,8807.037148033769,-984.037148033769,False,False,False,False
746,0.5340014316392269,ZL-00381,2024-11,Kommunal,33,72.75757575757575,91.71182263247917,-18.95424687490342,18.95424687490342,2401.0,3026.4901468718126,-625.4901468718126,False,False,False,False
747,0.5347172512526843,ZL-00549,2024-12,Industrie,452,246.8716814159292,227.8931020654827,18.978579350446495,18.978579350446495,111586.0,103007.68213359818,8578.31786640182,False,False,False,False
748,0.5354330708661418,ZL-00429,2024-11,Gewerbe,55,250.9636363636364,231.96501500424594,18.998621359390455,18.998621359390455,13803.0,12758.075825233527,1044.9241747664728,False,False,False,False
749,0.5361488904795991,ZL-00141,2024-12,Gewerbe,50,127.36,108.35902522047161,19.00097477952839,19.00097477952839,6368.0,5417.951261023581,950.0487389764194,False,False,False,False
750,0.5368647100930566,ZL-00404,2024-12,Kommunal,45,118.04444444444444,98.96572942864861,19.078715015795822,19.078715015795822,5312.0,4453.457824289188,858.5421757108124,False,False,False,False
751,0.5375805297065139,ZL-00582,2024-11,Industrie,82,77.58536585365853,96.68321506637677,-19.097849212718245,19.097849212718245,6362.0,7928.023635442895,-1566.0236354428953,False,False,False,False
752,0.5382963493199714,ZL-00290,2024-12,Gewerbe,95,226.5684210526316,207.29347378114392,19.27494727148769,19.27494727148769,21524.0,19692.88000920867,1831.1199907913287,False,False,False,False
753,0.5390121689334287,ZL-00566,2024-12,Gewerbe,35,104.02857142857142,123.31139885431239,-19.28282742574096,19.28282742574096,3641.0,4315.898959900934,-674.8989599009337,False,False,False,False
754,0.5397279885468862,ZL-00202,2024-11,Gewerbe,34,217.55882352941177,198.2649724489531,19.293851080458666,19.293851080458666,7397.0,6741.009063264405,655.9909367355949,False,False,False,False
755,0.5404438081603435,ZL-00442,2024-11,Kommunal,91,138.98901098901098,158.29403016342846,-19.30501917441748,19.30501917441748,12648.0,14404.75674487199,-1756.7567448719892,False,False,False,False
756,0.541159627773801,ZL-00436,2024-12,Gewerbe,41,238.2439024390244,218.9363147528582,19.307587686166187,19.307587686166187,9768.0,8976.388904867186,791.6110951328137,False,False,False,False
757,0.5418754473872585,ZL-00403,2024-12,Industrie,353,183.28895184135976,202.62332432918163,-19.334372487821867,19.334372487821867,64701.0,71526.03348820111,-6825.033488201108,False,False,False,False
758,0.5425912670007158,ZL-00510,2024-12,Industrie,485,154.76288659793815,174.16275906905042,-19.399872471112275,19.399872471112275,75060.0,84468.93814848945,-9408.938148489455,False,False,False,False
759,0.5433070866141733,ZL-00133,2024-12,Gewerbe,71,251.2112676056338,231.81049655138287,19.400771054250924,19.400771054250924,17836.0,16458.545255148183,1377.454744851817,False,False,False,False
760,0.5440229062276306,ZL-00135,2024-12,Gewerbe,47,127.1063829787234,107.68850902273778,19.417873955985627,19.417873955985627,5974.0,5061.359924068675,912.6400759313246,False,False,False,False
761,0.5447387258410881,ZL-00025,2024-12,Industrie,409,169.72616136919316,150.2752514375511,19.45090993164206,19.45090993164206,69418.0,61462.5778379584,7955.422162041599,False,False,False,False
762,0.5454545454545454,ZL-00332,2024-12,Industrie,144,122.47222222222224,141.94790860578598,-19.47568638356374,19.47568638356374,17636.0,20440.49883923318,-2804.4988392331798,False,False,False,False
763,0.5461703650680029,ZL-00669,2024-11,Gewerbe,42,136.64285714285714,156.15175761327438,-19.508900470417245,19.508900470417245,5739.0,6558.373819757524,-819.373819757524,False,False,False,False
764,0.5468861846814602,ZL-00014,2024-12,Industrie,180,230.1,210.58997254101277,19.510027458987224,19.510027458987224,41418.0,37906.1950573823,3511.804942617702,False,False,False,False
765,0.5476020042949177,ZL-00096,2024-12,Gewerbe,50,227.48,207.9328645252468,19.54713547475319,19.54713547475319,11374.0,10396.64322626234,977.3567737376598,False,False,False,False
766,0.5483178239083751,ZL-00347,2024-11,Gewerbe,67,159.01492537313433,178.57500547220403,-19.560080099069694,19.560080099069694,10654.0,11964.52536663767,-1310.5253666376702,False,False,False,False
767,0.5490336435218325,ZL-00469,2024-12,Gewerbe,63,130.0,110.42264857004015,19.577351429959847,19.577351429959847,8190.0,6956.62685991253,1233.3731400874703,False,False,False,False
768,0.5497494631352899,ZL-00173,2024-12,Gewerbe,44,231.25,211.65457458984216,19.595425410157844,19.595425410157844,10175.0,9312.801281953054,862.1987180469459,False,False,False,False
769,0.5504652827487473,ZL-00292,2024-12,Industrie,439,77.66970387243735,97.27867840887397,-19.60897453643662,19.60897453643662,34097.0,42705.339821495676,-8608.339821495676,False,False,False,False
770,0.5511811023622047,ZL-00467,2024-11,Gewerbe,52,118.1153846153846,98.49691322018924,19.618471395195357,19.618471395195357,6142.0,5121.839487449841,1020.1605125501592,False,False,False,False
771,0.5518969219756621,ZL-00027,2024-11,Industrie,376,78.06648936170212,97.71251733247527,-19.646027970773147,19.646027970773147,29353.0,36739.906517010706,-7386.906517010706,False,False,False,False
772,0.5526127415891195,ZL-00577,2024-11,Industrie,302,212.7086092715232,232.3852897058701,-19.676680434346906,19.676680434346906,64238.0,70180.35749117276,-5942.357491172763,False,False,False,False
773,0.5533285612025769,ZL-00007,2024-11,Kommunal,144,77.41666666666667,97.19689756916081,-19.78023090249414,19.78023090249414,11148.0,13996.353249959157,-2848.3532499591565,False,False,False,False
774,0.5540443808160344,ZL-00359,2024-11,Industrie,325,200.10153846153847,180.31293114120587,19.788607320332602,19.788607320332602,65033.0,58601.702620891905,6431.297379108095,False,False,False,False
775,0.5547602004294918,ZL-00430,2024-12,Industrie,173,159.7514450867052,139.9583850754692,19.79306001123598,19.79306001123598,27637.0,24212.80061805617,3424.1993819438285,False,False,False,False
776,0.5554760200429492,ZL-00367,2024-11,Gewerbe,21,167.61904761904762,147.80333400228955,19.815713616758075,19.815713616758075,3520.0,3103.8700140480805,416.1299859519195,False,False,False,False
777,0.5561918396564066,ZL-00391,2024-11,Industrie,539,148.84601113172542,129.00842308642703,19.83758804529839,19.83758804529839,80228.0,69535.54004358417,10692.459956415827,False,False,False,False
778,0.556907659269864,ZL-00017,2024-11,Industrie,221,185.78733031674207,205.63163589571724,-19.844305578975167,19.844305578975167,41059.0,45444.59153295351,-4385.591532953513,False,False,False,False
779,0.5576234788833214,ZL-00385,2024-12,Gewerbe,92,119.52173913043478,99.61262508170887,19.90911404872591,19.90911404872591,10996.0,9164.361507517217,1831.6384924827835,False,False,False,False
780,0.5583392984967788,ZL-00581,2024-12,Gewerbe,36,136.52777777777777,116.61199034922798,19.91578742854979,19.91578742854979,4915.0,4198.031652572207,716.9683474277927,False,False,False,False
781,0.5590551181102362,ZL-00088,2024-11,Gewerbe,36,145.0,164.95875430286458,-19.958754302864577,19.958754302864577,5220.0,5938.515154903125,-718.5151549031252,False,False,False,False
782,0.5597709377236937,ZL-00287,2024-11,Industrie,393,241.6564885496184,221.6934601327791,19.96302841683928,19.96302841683928,94971.0,87125.52983218219,7845.47016781781,False,False,False,False
783,0.560486757337151,ZL-00593,2024-11,Kommunal,39,197.23076923076923,217.23032123642054,-19.99955200565131,19.99955200565131,7692.0,8471.9825282204,-779.9825282204001,False,False,False,False
784,0.5612025769506085,ZL-00234,2024-11,Gewerbe,94,75.59574468085107,95.65563871949243,-20.05989403864136,20.05989403864136,7106.0,8991.630039632288,-1885.6300396322877,False,False,False,False
785,0.5619183965640658,ZL-00436,2024-11,Gewerbe,41,232.41463414634143,212.29926949348265,20.115364652858773,20.115364652858773,9529.0,8704.27004923279,824.7299507672105,False,False,False,False
786,0.5626342161775233,ZL-00244,2024-11,Gewerbe,128,202.9296875,223.085708295718,-20.156020795718007,20.156020795718007,25975.0,28554.970661851905,-2579.970661851905,False,False,False,False
787,0.5633500357909806,ZL-00576,2024-11,Gewerbe,178,97.48314606741572,117.74316241597512,-20.260016348559404,20.260016348559404,17352.0,20958.28291004357,-3606.28291004357,False,False,False,False
788,0.5640658554044381,ZL-00089,2024-12,Gewerbe,75,193.90666666666667,214.18431494850194,-20.27764828183527,20.27764828183527,14543.0,16063.823621137644,-1520.8236211376443,False,False,False,False
789,0.5647816750178954,ZL-00334,2024-12,Gewerbe,64,137.71875,157.99937126228215,-20.280621262282153,20.280621262282153,8814.0,10111.959760786058,-1297.9597607860578,False,False,False,False
790,0.5654974946313529,ZL-00266,2024-11,Industrie,200,85.76,106.04455792541752,-20.284557925417516,20.284557925417516,17152.0,21208.911585083504,-4056.911585083504,False,False,False,False
791,0.5662133142448104,ZL-00548,2024-11,Gewerbe,81,75.46913580246914,95.8110974617985,-20.341961659329357,20.341961659329357,6113.0,7760.698894405678,-1647.6988944056784,False,False,False,False
792,0.5669291338582677,ZL-00602,2024-11,Industrie,581,134.17039586919103,113.79011926797679,20.380276601214234,20.380276601214234,77953.0,66112.05929469451,11840.94070530549,False,False,False,False
793,0.5676449534717252,ZL-00521,2024-12,Gewerbe,37,118.5945945945946,138.99359145096258,-20.398996856367987,20.398996856367987,4388.0,5142.762883685616,-754.7628836856156,False,False,False,False
794,0.5683607730851825,ZL-00112,2024-12,Gewerbe,63,211.1428571428572,190.70041180652584,20.44244533633136,20.44244533633136,13302.0,12014.125943811128,1287.8740561888717,False,False,False,False
795,0.56907659269864,ZL-00269,2024-12,Gewerbe,58,211.3275862068965,190.8825101643279,20.445076042568616,20.445076042568616,12257.0,11071.185589531018,1185.8144104689818,False,False,False,False
796,0.5697924123120973,ZL-00498,2024-11,Gewerbe,84,169.95238095238096,149.38370160866535,20.568679343715615,20.568679343715615,14276.0,12548.23093512789,1727.769064872111,False,False,False,False
797,0.5705082319255548,ZL-00227,2024-11,Industrie,127,160.63779527559055,140.0540187563605,20.583776519230042,20.583776519230042,20401.0,17786.860382057785,2614.1396179422154,False,False,False,False
798,0.5712240515390121,ZL-00599,2024-11,Industrie,203,144.89162561576356,165.49480456692504,-20.603178951161482,20.603178951161482,29413.0,33595.445327085785,-4182.445327085785,False,False,False,False
799,0.5719398711524696,ZL-00693,2024-12,Gewerbe,20,119.0,139.6174445879102,-20.6174445879102,20.6174445879102,2380.0,2792.348891758204,-412.348891758204,False,False,False,False
800,0.572655690765927,ZL-00535,2024-12,Industrie,202,122.96534653465346,143.58479688533163,-20.619450350678164,20.619450350678164,24839.0,29004.128970836988,-4165.128970836988,False,False,False,False
801,0.5733715103793844,ZL-00143,2024-12,Gewerbe,70,132.81428571428572,112.17410299948261,20.640182714803103,20.640182714803103,9297.0,7852.187209963783,1444.812790036217,False,False,False,False
802,0.5740873299928418,ZL-00078,2024-12,Gewerbe,41,187.5609756097561,208.23789844709577,-20.676922837339674,20.676922837339674,7690.0,8537.753836330927,-847.7538363309268,False,False,False,False
803,0.5748031496062992,ZL-00302,2024-12,Gewerbe,102,169.7450980392157,190.4372818515354,-20.692183812319712,20.692183812319712,17314.0,19424.60274885661,-2110.6027488566106,False,False,False,False
804,0.5755189692197566,ZL-00126,2024-11,Industrie,442,97.88009049773756,118.5993091881564,-20.719218690418842,20.719218690418842,43263.0,52420.894661165126,-9157.894661165126,False,False,False,False
805,0.576234788833214,ZL-00623,2024-11,Gewerbe,40,157.6,136.8800268952071,20.7199731047929,20.7199731047929,6304.0,5475.201075808283,828.7989241917167,False,False,False,False
806,0.5769506084466715,ZL-00429,2024-12,Gewerbe,55,254.9090909090909,234.11624665278393,20.792844256306978,20.792844256306978,14020.0,12876.393565903116,1143.6064340968842,False,False,False,False
807,0.5776664280601288,ZL-00173,2024-11,Gewerbe,44,195.3409090909091,216.15469906677836,-20.81378997586927,20.81378997586927,8595.0,9510.806758938248,-915.8067589382481,False,False,False,False
808,0.5783822476735863,ZL-00136,2024-11,Gewerbe,60,198.9,219.73486290708678,-20.834862907086773,20.834862907086773,11934.0,13184.091774425207,-1250.0917744252074,False,False,False,False
809,0.5790980672870437,ZL-00016,2024-11,Kommunal,115,158.66086956521738,137.77939665002575,20.881472915191637,20.881472915191637,18246.0,15844.630614752961,2401.3693852470387,False,False,False,False
810,0.5798138869005011,ZL-00000,2024-12,Gewerbe,74,75.17567567567568,96.08751638642406,-20.91184071074838,20.91184071074838,5563.0,7110.47621259538,-1547.4762125953803,False,False,False,False
811,0.5805297065139585,ZL-00614,2024-12,Gewerbe,90,120.46666666666668,99.52858649770029,20.938080168966394,20.938080168966394,10842.0,8957.572784793027,1884.4272152069734,False,False,False,False
812,0.5812455261274159,ZL-00500,2024-11,Industrie,576,147.66840277777777,168.61881485601492,-20.95041207823715,20.95041207823715,85057.0,97124.4373570646,-12067.437357064598,False,False,False,False
813,0.5819613457408733,ZL-00588,2024-12,Kommunal,76,121.0,100.04722452499445,20.952775475005552,20.952775475005552,9196.0,7603.589063899578,1592.410936100422,False,False,False,False
814,0.5826771653543307,ZL-00598,2024-11,Kommunal,83,148.90361445783134,169.88283958548072,-20.979225127649386,20.979225127649386,12359.0,14100.275685594901,-1741.275685594901,False,False,False,False
815,0.5833929849677881,ZL-00281,2024-12,Industrie,165,144.74545454545455,123.748562064976,20.99689248047855,20.99689248047855,23883.0,20418.51274072104,3464.4872592789616,False,False,False,False
816,0.5841088045812455,ZL-00003,2024-12,Gewerbe,23,81.82608695652173,102.83488265786653,-21.008795701344795,21.008795701344795,1882.0,2365.20230113093,-483.2023011309302,False,False,False,False
817,0.5848246241947029,ZL-00166,2024-11,Gewerbe,42,138.02380952380952,159.04270850041888,-21.018898976609364,21.018898976609364,5797.0,6679.793757017593,-882.7937570175927,False,False,False,False
818,0.5855404438081604,ZL-00525,2024-12,Gewerbe,43,140.11627906976744,119.09331690224829,21.022962167519154,21.022962167519154,6025.0,5121.012626796676,903.9873732033238,False,False,False,False
819,0.5862562634216177,ZL-00013,2024-11,Industrie,171,197.01169590643275,218.052331922817,-21.04063601638424,21.04063601638424,33689.0,37286.94875880171,-3597.9487588017073,False,False,False,False
820,0.5869720830350752,ZL-00262,2024-12,Gewerbe,53,121.86792452830188,100.81357913765308,21.054345390648805,21.054345390648805,6459.0,5343.119694295613,1115.880305704387,False,False,False,False
821,0.5876879026485325,ZL-00657,2024-12,Gewerbe,46,122.6304347826087,143.73872826156358,-21.108293478954877,21.108293478954877,5641.0,6611.981500031925,-970.981500031925,False,False,False,False
822,0.58840372226199,ZL-00386,2024-11,Industrie,266,147.593984962406,168.71540006806467,-21.121415105658656,21.121415105658656,39260.0,44878.2964181052,-5618.296418105201,False,False,False,False
823,0.5891195418754474,ZL-00239,2024-11,Gewerbe,43,91.76744186046513,113.01996620922223,-21.252524348757106,21.252524348757106,3946.0,4859.858546996556,-913.8585469965556,False,False,False,False
824,0.5898353614889048,ZL-00290,2024-11,Gewerbe,95,192.3894736842105,213.66121222099417,-21.271738536783687,21.271738536783687,18277.0,20297.815160994447,-2020.815160994447,False,False,False,False
825,0.5905511811023622,ZL-00664,2024-11,Gewerbe,94,205.12765957446808,226.4464290020411,-21.318769427573017,21.318769427573017,19282.0,21285.964326191865,-2003.9643261918645,False,False,False,False
826,0.5912670007158196,ZL-00006,2024-11,Gewerbe,52,162.90384615384616,141.54142026289705,21.362425890949112,21.362425890949112,8471.0,7360.153853670647,1110.8461463293534,False,False,False,False
827,0.5919828203292771,ZL-00592,2024-12,Industrie,284,216.92605633802816,195.5587518589102,21.367304479117962,21.367304479117962,61607.0,55538.685527930495,6068.314472069505,False,False,False,False
828,0.5926986399427344,ZL-00333,2024-11,Industrie,252,190.91666666666663,169.53808423965438,21.378582427012248,21.378582427012248,48111.0,42723.5972283929,5387.4027716071,False,False,False,False
829,0.5934144595561919,ZL-00462,2024-11,Industrie,164,199.0731707317073,220.53840386814704,-21.465233136439736,21.465233136439736,32648.0,36168.29823437612,-3520.2982343761178,False,False,False,False
830,0.5941302791696492,ZL-00422,2024-12,Kommunal,65,186.7076923076923,165.20448994736591,21.503202360326384,21.503202360326384,12136.0,10738.291846578784,1397.7081534212157,False,False,False,False
831,0.5948460987831067,ZL-00562,2024-11,Kommunal,91,190.9120879120879,169.40263909707383,21.509448815014082,21.509448815014082,17373.0,15415.640157833719,1957.359842166281,False,False,False,False
832,0.595561918396564,ZL-00691,2024-12,Gewerbe,28,120.89285714285714,99.35754477655223,21.535312366304908,21.535312366304908,3385.0,2782.0112537434625,602.9887462565375,False,False,False,False
833,0.5962777380100215,ZL-00129,2024-11,Kommunal,94,235.4042553191489,213.8390661158332,21.565189203315697,21.565189203315697,22128.0,20100.87221488832,2027.1277851116793,False,False,False,False
834,0.5969935576234788,ZL-00098,2024-12,Gewerbe,45,173.77777777777777,152.02111782706038,21.756659950717392,21.756659950717392,7820.0,6840.950302217717,979.0496977822831,False,False,False,False
835,0.5977093772369363,ZL-00426,2024-11,Industrie,284,78.72183098591549,100.49311056659337,-21.771279580677884,21.771279580677884,22357.0,28540.043400912517,-6183.0434009125165,False,False,False,False
836,0.5984251968503937,ZL-00312,2024-12,Kommunal,98,92.18367346938776,113.98986421947224,-21.806190750084482,21.806190750084482,9034.0,11171.00669350828,-2137.0066935082796,False,False,False,False
837,0.5991410164638511,ZL-00260,2024-11,Gewerbe,81,186.66666666666663,164.83451219251194,21.83215447415469,21.83215447415469,15120.0,13351.595487593468,1768.4045124065324,False,False,False,False
838,0.5998568360773086,ZL-00537,2024-11,Gewerbe,58,147.5344827586207,169.38218286899695,-21.847700110376252,21.847700110376252,8557.0,9824.166606401823,-1267.1666064018227,False,False,False,False
839,0.6005726556907659,ZL-00690,2024-12,Gewerbe,40,144.25,122.38813646562006,21.861863534379935,21.861863534379935,5770.0,4895.525458624803,874.4745413751971,False,False,False,False
840,0.6012884753042234,ZL-00591,2024-11,Gewerbe,45,117.4888888888889,95.59133774126857,21.89755114762032,21.89755114762032,5287.0,4301.610198357086,985.3898016429139,False,False,False,False
841,0.6020042949176807,ZL-00572,2024-11,Gewerbe,32,168.5625,146.63294855810855,21.929551441891448,21.929551441891448,5394.0,4692.254353859474,701.7456461405263,False,False,False,False
842,0.6027201145311382,ZL-00284,2024-11,Industrie,203,100.66995073891626,122.61024913668257,-21.940298397766313,21.940298397766313,20436.0,24889.880574746563,-4453.880574746563,False,False,False,False
843,0.6034359341445955,ZL-00175,2024-12,Industrie,213,215.91079812206573,193.89521244986358,22.01558567220215,22.01558567220215,45989.0,41299.680251820944,4689.319748179056,False,False,False,False
844,0.604151753758053,ZL-00136,2024-12,Gewerbe,60,185.15,207.16678482458946,-22.01678482458945,22.01678482458945,11109.0,12430.007089475368,-1321.007089475368,False,False,False,False
845,0.6048675733715104,ZL-00030,2024-11,Industrie,300,190.22333333333333,168.1941186555994,22.029214677733933,22.029214677733933,57067.0,50458.23559667982,6608.76440332018,False,False,False,False
846,0.6055833929849678,ZL-00264,2024-11,Kommunal,98,73.77551020408163,95.81648470093558,-22.04097449685395,22.04097449685395,7230.0,9390.015500691687,-2160.0155006916866,False,False,False,False
847,0.6062992125984252,ZL-00211,2024-11,Gewerbe,24,198.125,220.2552702968604,-22.130270296860402,22.130270296860402,4755.0,5286.126487124649,-531.1264871246494,False,False,False,False
848,0.6070150322118826,ZL-00291,2024-12,Industrie,117,71.77777777777777,93.94230514802601,-22.164527370248237,22.164527370248237,8398.0,10991.249702319043,-2593.2497023190426,False,False,False,False
849,0.60773085182534,ZL-00607,2024-12,Industrie,239,154.94560669456067,177.16921477613116,-22.22360808157049,22.22360808157049,37032.0,42343.442331495346,-5311.442331495346,False,False,False,False
850,0.6084466714387974,ZL-00183,2024-11,Gewerbe,56,91.08928571428572,113.31291133939584,-22.223625625110117,22.223625625110117,5101.0,6345.5230350061665,-1244.5230350061665,False,False,False,False
851,0.6091624910522548,ZL-00398,2024-12,Industrie,269,70.49442379182156,92.77452600049556,-22.280102208673995,22.280102208673995,18963.0,24956.347494133304,-5993.347494133304,False,False,False,False
852,0.6098783106657122,ZL-00456,2024-11,Gewerbe,38,221.4736842105264,199.08900172606545,22.38468248446094,22.38468248446094,8416.0,7565.382065590487,850.6179344095126,False,False,False,False
853,0.6105941302791696,ZL-00342,2024-11,Gewerbe,69,75.01449275362319,97.41709963077899,-22.402606877155804,22.402606877155804,5176.0,6721.779874523751,-1545.7798745237505,False,False,False,False
854,0.6113099498926271,ZL-00300,2024-11,Gewerbe,30,163.9,141.44887313101032,22.45112686898969,22.45112686898969,4917.0,4243.46619393031,673.5338060696904,False,False,False,False
855,0.6120257695060844,ZL-00622,2024-12,Industrie,159,162.65408805031447,140.14952479721728,22.50456325309719,22.50456325309719,25862.0,22283.77444275755,3578.225557242451,False,False,False,False
856,0.6127415891195419,ZL-00233,2024-12,Gewerbe,88,150.27272727272728,127.6657303293463,22.606996943380977,22.606996943380977,13224.0,11234.584268982475,1989.415731017525,False,False,False,False
857,0.6134574087329993,ZL-00280,2024-11,Industrie,284,76.20422535211267,98.88080835217148,-22.676583000058812,22.676583000058812,21642.0,28082.1495720167,-6440.1495720167,False,False,False,False
858,0.6141732283464567,ZL-00472,2024-11,Industrie,202,121.54950495049503,144.25513442799283,-22.705629477497794,22.705629477497794,24553.0,29139.537154454552,-4586.537154454552,False,False,False,False
859,0.6148890479599141,ZL-00004,2024-12,Kommunal,97,157.24742268041237,134.53714345000654,22.71027923040583,22.71027923040583,15253.0,13050.102914650633,2202.8970853493665,False,False,False,False
860,0.6156048675733715,ZL-00523,2024-11,Industrie,741,64.28879892037787,87.005496358467,-22.716697438089128,22.716697438089128,47638.0,64471.07280162405,-16833.072801624046,False,False,False,False
861,0.6163206871868289,ZL-00395,2024-12,Industrie,692,240.85693641618496,218.07298117298663,22.783955243198335,22.783955243198335,166673.0,150906.50297170674,15766.497028293263,False,False,False,False
862,0.6170365068002863,ZL-00353,2024-12,Gewerbe,116,152.56896551724137,129.78091706741978,22.788048449821588,22.788048449821588,17698.0,15054.586379820694,2643.4136201793062,False,False,False,False
863,0.6177523264137438,ZL-00377,2024-11,Industrie,173,231.65895953757223,208.79746705856138,22.86149247901085,22.86149247901085,40077.0,36121.96180113112,3955.0381988688823,False,False,False,False
864,0.6184681460272011,ZL-00120,2024-12,Industrie,391,189.40153452685425,166.51096316943912,22.890571357415126,22.890571357415126,74056.0,65105.7865992507,8950.2134007493,False,False,False,False
865,0.6191839656406586,ZL-00518,2024-12,Kommunal,49,226.9795918367347,203.96208606433387,23.017505772400824,23.017505772400824,11122.0,9994.142217152359,1127.857782847641,False,False,False,False
866,0.6198997852541159,ZL-00183,2024-12,Gewerbe,56,129.375,106.1882874935879,23.186712506412107,23.186712506412107,7245.0,5946.544099640922,1298.4559003590784,False,False,False,False
867,0.6206156048675734,ZL-00247,2024-11,Industrie,71,249.04225352112675,225.83649644171285,23.2057570794139,23.2057570794139,17682.0,16034.391247361613,1647.6087526383872,False,False,False,False
868,0.6213314244810307,ZL-00459,2024-11,Gewerbe,24,146.33333333333334,169.55475608048025,-23.221422747146903,23.221422747146903,3512.0,4069.3141459315257,-557.3141459315257,False,False,False,False
869,0.6220472440944882,ZL-00359,2024-12,Industrie,325,226.8307692307692,203.50311729475976,23.32765193600943,23.32765193600943,73720.0,66138.51312079692,7581.486879203076,False,False,False,False
870,0.6227630637079457,ZL-00192,2024-11,Gewerbe,42,76.0,99.33162932665309,-23.331629326653086,23.331629326653086,3192.0,4171.92843171943,-979.9284317194297,False,False,False,False
871,0.623478883321403,ZL-00095,2024-12,Gewerbe,58,170.18965517241378,146.82220766571973,23.36744750669405,23.36744750669405,9871.0,8515.688044611745,1355.3119553882552,False,False,False,False
872,0.6241947029348605,ZL-00339,2024-12,Gewerbe,71,71.43661971830986,94.81708891660644,-23.38046919829658,23.38046919829658,5072.0,6732.013313079057,-1660.0133130790573,False,False,False,False
873,0.6249105225483178,ZL-00142,2024-11,Gewerbe,58,174.74137931034485,198.12254379179285,-23.381164481447996,23.381164481447996,10135.0,11491.107539923985,-1356.1075399239853,False,False,False,False
874,0.6256263421617753,ZL-00651,2024-11,Gewerbe,30,140.56666666666666,117.14920498309982,23.41746168356684,23.41746168356684,4217.0,3514.4761494929944,702.5238505070056,False,False,False,False
875,0.6263421617752326,ZL-00090,2024-12,Industrie,299,184.33779264214047,160.91960418795415,23.41818845418632,23.41818845418632,55117.0,48114.96165219829,7002.03834780171,False,False,False,False
876,0.6270579813886901,ZL-00019,2024-12,Kommunal,146,132.23972602739727,108.81919766320749,23.420528364189778,23.420528364189778,19307.0,15887.602858828293,3419.3971411717066,False,False,False,False
877,0.6277738010021474,ZL-00319,2024-12,Kommunal,70,191.8428571428572,168.40368711514796,23.439170027709253,23.439170027709253,13429.0,11788.258098060358,1640.741901939642,False,False,False,False
878,0.6284896206156049,ZL-00165,2024-11,Industrie,445,192.26516853932583,215.72503615128818,-23.459867611962352,23.459867611962352,85558.0,95997.64108732324,-10439.641087323238,False,False,False,False
879,0.6292054402290623,ZL-00437,2024-11,Gewerbe,81,105.38271604938272,128.86855755418458,-23.485841504801854,23.485841504801854,8536.0,10438.35316188895,-1902.3531618889501,False,False,False,False
880,0.6299212598425197,ZL-00104,2024-11,Kommunal,44,121.70454545454544,98.1833156480001,23.521229806545335,23.521229806545335,5355.0,4320.065888512005,1034.9341114879953,False,False,False,False
881,0.6306370794559771,ZL-00487,2024-11,Industrie,375,244.25333333333333,220.72702329503397,23.526310038299357,23.526310038299357,91595.0,82772.63373563773,8822.366264362267,False,False,False,False
882,0.6313528990694345,ZL-00452,2024-12,Industrie,186,124.56451612903226,100.96482920809065,23.599686920941608,23.599686920941608,23169.0,18779.45823270486,4389.541767295141,False,False,False,False
883,0.6320687186828919,ZL-00690,2024-11,Gewerbe,40,168.425,144.82479276607108,23.600207233928927,23.600207233928927,6737.0,5792.991710642844,944.0082893571562,False,False,False,False
884,0.6327845382963493,ZL-00473,2024-12,Kommunal,123,165.65040650406505,142.04427797001543,23.606128534049617,23.606128534049617,20375.0,17471.446190311897,2903.553809688103,False,False,False,False
885,0.6335003579098067,ZL-00610,2024-12,Gewerbe,81,235.98765432098764,212.37690961398,23.610744707007655,23.610744707007655,19115.0,17202.52967873238,1912.4703212676213,False,False,False,False
886,0.6342161775232641,ZL-00222,2024-11,Gewerbe,50,132.26,155.90093320672196,-23.640933206721968,23.640933206721968,6613.0,7795.046660336098,-1182.0466603360983,False,False,False,False
887,0.6349319971367215,ZL-00310,2024-11,Industrie,551,120.65880217785843,144.31063537597896,-23.651833198120528,23.651833198120528,66483.0,79515.16009216441,-13032.160092164413,False,False,False,False
888,0.635647816750179,ZL-00005,2024-11,Industrie,244,211.27868852459017,234.93810138936863,-23.65941286477846,23.65941286477846,51552.0,57324.89673900595,-5772.896739005948,False,False,False,False
889,0.6363636363636364,ZL-00185,2024-12,Industrie,113,260.08849557522126,236.36578105275976,23.7227145224615,23.7227145224615,29390.0,26709.33325896185,2680.6667410381488,False,False,False,False
890,0.6370794559770938,ZL-00335,2024-12,Industrie,298,219.74496644295303,195.99905589343035,23.745910549522677,23.745910549522677,65484.0,58407.71865624224,7076.281343757757,False,False,False,False
891,0.6377952755905512,ZL-00629,2024-11,Industrie,442,233.34615384615384,209.59654358387763,23.749610262276207,23.749610262276207,103139.0,92641.67226407392,10497.327735926083,False,False,False,False
892,0.6385110952040086,ZL-00637,2024-12,Gewerbe,81,123.4320987654321,99.67520107862983,23.756897686802276,23.756897686802276,9998.0,8073.691287369016,1924.3087126309838,False,False,False,False
893,0.639226914817466,ZL-00293,2024-11,Gewerbe,150,191.91333333333333,168.10826631710097,23.805067016232357,23.805067016232357,28787.0,25216.239947565147,3570.7600524348527,False,False,False,False
894,0.6399427344309234,ZL-00127,2024-12,Gewerbe,39,202.89743589743588,179.0212848376161,23.87615105981979,23.87615105981979,7913.0,6981.830108667028,931.1698913329719,False,False,False,False
895,0.6406585540443808,ZL-00212,2024-12,Gewerbe,128,175.078125,151.14655033963763,23.931574660362372,23.931574660362372,22410.0,19346.758443473616,3063.2415565263836,False,False,False,False
896,0.6413743736578382,ZL-00653,2024-11,Gewerbe,48,188.2083333333333,164.27659389531172,23.931739438021566,23.931739438021566,9034.0,7885.276506974962,1148.723493025038,False,False,False,False
897,0.6420901932712957,ZL-00465,2024-12,Gewerbe,20,175.4,199.33956244995005,-23.939562449950046,23.939562449950046,3508.0,3986.7912489990013,-478.79124899900125,False,False,False,False
898,0.642806012884753,ZL-00600,2024-11,Industrie,161,93.49068322981368,117.44311103375676,-23.95242780394308,23.95242780394308,15052.0,18908.34087643484,-3856.3408764348387,False,False,False,False
899,0.6435218324982105,ZL-00047,2024-11,Gewerbe,64,72.59375,96.55152446824182,-23.957774468241823,23.957774468241823,4646.0,6179.297565967477,-1533.2975659674767,False,False,False,False
900,0.6442376521116678,ZL-00526,2024-11,Gewerbe,78,189.07692307692307,213.07217667050605,-23.995253593582987,23.995253593582987,14748.0,16619.62978029947,-1871.6297802994704,False,False,False,False
901,0.6449534717251253,ZL-00580,2024-11,Gewerbe,48,121.10416666666669,97.10817322993321,23.99599343673347,23.99599343673347,5813.0,4661.192315036795,1151.8076849632052,False,False,False,False
902,0.6456692913385826,ZL-00067,2024-11,Kommunal,88,241.875,217.86190193385397,24.01309806614603,24.01309806614603,21285.0,19171.847370179148,2113.152629820852,False,False,False,False
903,0.6463851109520401,ZL-00632,2024-12,Gewerbe,123,231.34959349593493,207.30390329993045,24.04569019600447,24.04569019600447,28456.0,25498.380105891447,2957.619894108553,False,False,False,False
904,0.6471009305654974,ZL-00162,2024-11,Industrie,184,75.02717391304348,99.08012021707894,-24.05294630403546,24.05294630403546,13805.0,18230.742119942526,-4425.742119942526,False,False,False,False
905,0.6478167501789549,ZL-00631,2024-11,Kommunal,189,247.52380952380952,223.43998349335317,24.08382603045635,24.08382603045635,46782.0,42230.15688024375,4551.843119756253,False,False,False,False
906,0.6485325697924124,ZL-00084,2024-12,Kommunal,35,226.11428571428573,202.0052835514139,24.109002162871832,24.109002162871832,7914.0,7070.184924299487,843.8150757005133,False,False,False,False
907,0.6492483894058697,ZL-00344,2024-11,Gewerbe,61,140.18032786885246,116.04892688587657,24.13140098297589,24.13140098297589,8551.0,7078.984540038471,1472.015459961529,False,False,False,False
908,0.6499642090193272,ZL-00225,2024-11,Gewerbe,57,178.66666666666666,202.85516452823396,-24.1884978615673,24.1884978615673,10184.0,11562.744378109335,-1378.7443781093352,False,False,False,False
909,0.6506800286327845,ZL-00560,2024-12,Industrie,229,152.84279475982532,128.60360173982318,24.239193020002148,24.239193020002148,35001.0,29450.22479841951,5550.775201580491,False,False,False,False
910,0.651395848246242,ZL-00630,2024-11,Gewerbe,33,194.63636363636363,170.39135875680154,24.24500487956209,24.24500487956209,6423.0,5622.9148389744505,800.0851610255495,False,False,False,False
911,0.6521116678596993,ZL-00057,2024-12,Industrie,217,226.12442396313364,201.85733867686733,24.26708528626631,24.26708528626631,49069.0,43803.04249288021,5265.9575071197905,False,False,False,False
912,0.6528274874731568,ZL-00364,2024-12,Industrie,314,125.64968152866244,101.08767406101228,24.56200746765016,24.56200746765016,39454.0,31741.529655157854,7712.470344842146,False,False,False,False
913,0.6535433070866141,ZL-00515,2024-11,Industrie,134,258.2164179104478,233.5736435522559,24.642774358191872,24.642774358191872,34601.0,31298.86823600229,3302.1317639977096,False,False,False,False
914,0.6542591267000716,ZL-00178,2024-11,Industrie,248,189.78225806451613,214.44577296711716,-24.663514902601037,24.663514902601037,47066.0,53182.55169584505,-6116.5516958450535,False,False,False,False
915,0.654974946313529,ZL-00221,2024-12,Industrie,182,223.2912087912088,198.45678047591764,24.83442831529115,24.83442831529115,40639.0,36119.13404661701,4519.865953382992,False,False,False,False
916,0.6556907659269864,ZL-00295,2024-12,Kommunal,30,116.93333333333334,141.8837932477721,-24.950459914438767,24.950459914438767,3508.0,4256.513797433163,-748.5137974331628,False,False,False,False
917,0.6564065855404438,ZL-00554,2024-12,Gewerbe,37,131.54054054054055,106.58196930536594,24.958571235174603,24.958571235174603,4867.0,3943.53286429854,923.4671357014599,False,False,False,False
918,0.6571224051539012,ZL-00037,2024-11,Gewerbe,33,142.6969696969697,167.71872368106725,-25.021753984097558,25.021753984097558,4709.0,5534.717881475219,-825.7178814752187,False,False,False,False
919,0.6578382247673586,ZL-00478,2024-12,Gewerbe,28,238.92857142857144,213.8535882302041,25.074983198367335,25.074983198367335,6690.0,5987.900470445715,702.0995295542853,False,False,False,False
920,0.658554044380816,ZL-00447,2024-11,Gewerbe,93,191.6129032258065,216.76706438798314,-25.15416116217665,25.15416116217665,17820.0,20159.336988082432,-2339.336988082432,False,False,False,False
921,0.6592698639942735,ZL-00384,2024-12,Gewerbe,23,173.8695652173913,148.6791982989857,25.1903669184056,25.1903669184056,3999.0,3419.6215608766715,579.3784391233285,False,False,False,False
922,0.6599856836077308,ZL-00698,2024-11,Gewerbe,57,71.0,96.29645919683058,-25.296459196830583,25.296459196830583,4047.0,5488.898174219343,-1441.8981742193428,False,False,False,False
923,0.6607015032211883,ZL-00604,2024-11,Kommunal,105,76.96190476190476,102.34205472792544,-25.38014996602068,25.38014996602068,8081.0,10745.915746432172,-2664.9157464321725,False,False,False,False
924,0.6614173228346457,ZL-00575,2024-12,Kommunal,88,199.63636363636363,174.19541977956428,25.44094385679935,25.44094385679935,17568.0,15329.196940601656,2238.803059398344,False,False,False,False
925,0.6621331424481031,ZL-00229,2024-11,Industrie,109,136.6605504587156,162.1040423401303,-25.4434918814147,25.4434918814147,14896.0,17669.3406150742,-2773.340615074201,False,False,False,False
926,0.6628489620615605,ZL-00448,2024-11,Gewerbe,132,246.3030303030303,220.85191218311834,25.451118119911968,25.451118119911968,32512.0,29152.452408171623,3359.5475918283773,False,False,False,False
927,0.6635647816750179,ZL-00607,2024-11,Industrie,239,189.0753138075314,163.6103665662426,25.464947241288797,25.464947241288797,45189.0,39102.877609331976,6086.122390668024,False,False,False,False
928,0.6642806012884753,ZL-00008,2024-11,Industrie,487,129.53798767967146,103.96296027407074,25.57502740560072,25.57502740560072,63085.0,50629.96165347245,12455.038346527552,False,False,False,False
929,0.6649964209019327,ZL-00318,2024-12,Gewerbe,29,245.68965517241372,220.06696278119847,25.622692391215253,25.622692391215253,7125.0,6381.941920654755,743.0580793452446,False,False,False,False
930,0.6657122405153901,ZL-00361,2024-12,Gewerbe,67,127.04477611940298,101.4025986354281,25.642177483974876,25.642177483974876,8512.0,6793.974108573683,1718.0258914263168,False,False,False,False
931,0.6664280601288475,ZL-00289,2024-11,Industrie,125,131.4,105.71360463192582,25.686395368074187,25.686395368074187,16425.0,13214.200578990727,3210.799421009273,False,False,False,False
932,0.6671438797423049,ZL-00076,2024-11,Gewerbe,57,141.10526315789474,166.79339526575635,-25.688132107861605,25.688132107861605,8043.0,9507.223530148112,-1464.2235301481123,False,False,False,False
933,0.6678596993557624,ZL-00227,2024-12,Industrie,127,139.2992125984252,165.02749787652192,-25.728285278096706,25.728285278096706,17691.0,20958.492230318283,-3267.492230318283,False,False,False,False
934,0.6685755189692197,ZL-00628,2024-11,Gewerbe,67,146.70149253731344,120.96563684428659,25.73585569302685,25.73585569302685,9829.0,8104.697668567202,1724.3023314327984,False,False,False,False
935,0.6692913385826772,ZL-00273,2024-12,Kommunal,144,136.4375,110.6991730244635,25.738326975536495,25.738326975536495,19647.0,15940.680915522746,3706.3190844772544,False,False,False,False
936,0.6700071581961345,ZL-00181,2024-11,Industrie,1067,62.01030927835052,87.77589913095831,-25.76558985260779,25.76558985260779,66165.0,93656.88437273251,-27491.884372732515,False,False,False,False
937,0.670722977809592,ZL-00089,2024-11,Gewerbe,75,240.57333333333327,214.80765976969997,25.7656735636333,25.7656735636333,18043.0,16110.574482727498,1932.4255172725025,False,False,False,False
938,0.6714387974230493,ZL-00201,2024-11,Gewerbe,50,162.34,188.18547965321648,-25.845479653216472,25.845479653216472,8117.0,9409.273982660823,-1292.273982660823,False,False,False,False
939,0.6721546170365068,ZL-00561,2024-12,Gewerbe,38,196.26315789473685,170.4080220105205,25.855135884216338,25.855135884216338,7458.0,6475.504836399779,982.4951636002206,False,False,False,False
940,0.6728704366499642,ZL-00421,2024-12,Kommunal,133,129.8045112781955,103.9373357614829,25.867175516712592,25.867175516712592,17264.0,13823.665656277226,3440.334343722774,False,False,False,False
941,0.6735862562634216,ZL-00075,2024-12,Gewerbe,29,166.86206896551724,140.9888115481181,25.873257417399145,25.873257417399145,4839.0,4088.675534895425,750.3244651045752,False,False,False,False
942,0.6743020758768791,ZL-00418,2024-12,Industrie,76,197.81578947368425,171.9359474606523,25.879842013031947,25.879842013031947,15034.0,13067.132007009575,1966.8679929904247,False,False,False,False
943,0.6750178954903364,ZL-00567,2024-12,Kommunal,57,241.56140350877192,215.67468284828024,25.886720660491676,25.886720660491676,13769.0,12293.456922351974,1475.5430776480262,False,False,False,False
944,0.6757337151037939,ZL-00638,2024-12,Industrie,429,95.92540792540792,121.8509548743175,-25.92554694890957,25.92554694890957,41152.0,52274.0596410822,-11122.059641082204,False,False,False,False
945,0.6764495347172512,ZL-00053,2024-11,Gewerbe,58,239.70689655172413,213.76558638784613,25.941310163878,25.941310163878,13903.0,12398.404010495075,1504.5959895049255,False,False,False,False
946,0.6771653543307087,ZL-00547,2024-11,Industrie,278,69.84532374100719,95.80300254449038,-25.95767880348319,25.95767880348319,19417.0,26633.234707368327,-7216.234707368327,False,False,False,False
947,0.677881173944166,ZL-00679,2024-12,Kommunal,68,221.51470588235293,195.4484195442168,26.066286338136138,26.066286338136138,15063.0,13290.492529006742,1772.5074709932578,False,False,False,False
948,0.6785969935576235,ZL-00208,2024-11,Gewerbe,62,178.43548387096774,152.31276888291032,26.122714988057425,26.122714988057425,11063.0,9443.39167074044,1619.6083292595595,False,False,False,False
949,0.6793128131710809,ZL-00367,2024-12,Gewerbe,21,199.3333333333333,173.01186090997913,26.32147242335415,26.32147242335415,4186.0,3633.249079109562,552.750920890438,False,False,False,False
950,0.6800286327845383,ZL-00556,2024-11,Gewerbe,31,193.67741935483872,167.34365771819657,26.33376163664215,26.33376163664215,6004.0,5187.653389264094,816.3466107359063,False,False,False,False
951,0.6807444523979957,ZL-00430,2024-11,Industrie,173,119.79190751445088,146.1522531851186,-26.360345670667726,26.360345670667726,20724.0,25284.33980102552,-4560.339801025519,False,False,False,False
952,0.6814602720114531,ZL-00673,2024-11,Gewerbe,40,229.525,203.15127953818677,26.373720461813235,26.373720461813235,9181.0,8126.051181527471,1054.9488184725287,False,False,False,False
953,0.6821760916249106,ZL-00441,2024-11,Industrie,630,254.02857142857144,227.605657470424,26.422913958147433,26.422913958147433,160038.0,143391.56420636713,16646.435793632874,False,False,False,False
954,0.6828919112383679,ZL-00585,2024-11,Gewerbe,37,139.8918918918919,166.33568890913978,-26.443797017247874,26.443797017247874,5176.0,6154.420489638172,-978.4204896381716,False,False,False,False
955,0.6836077308518254,ZL-00644,2024-12,Gewerbe,119,151.01680672268907,124.52206996873463,26.49473675395444,26.49473675395444,17971.0,14818.12632627942,3152.87367372058,False,False,False,False
956,0.6843235504652827,ZL-00431,2024-12,Gewerbe,30,171.73333333333332,145.20241767058198,26.53091566275134,26.53091566275134,5152.0,4356.07253011746,795.9274698825402,False,False,False,False
957,0.6850393700787402,ZL-00038,2024-11,Industrie,286,195.27272727272728,221.85769123767162,-26.584963964944336,26.584963964944336,55848.0,63451.299693974084,-7603.299693974084,False,False,False,False
958,0.6857551896921976,ZL-00137,2024-11,Gewerbe,84,141.45238095238096,114.76043029948559,26.691950652895372,26.691950652895372,11882.0,9639.87614515679,2242.12385484321,False,False,False,False
959,0.686471009305655,ZL-00378,2024-11,Industrie,564,99.38120567375888,126.08290142271561,-26.701695748956723,26.701695748956723,56051.0,71110.7564024116,-15059.7564024116,False,False,False,False
960,0.6871868289191124,ZL-00014,2024-11,Industrie,180,256.6,229.87966304985545,26.72033695014457,26.72033695014457,46188.0,41378.33934897398,4809.660651026017,False,False,False,False
961,0.6879026485325698,ZL-00028,2024-12,Industrie,321,139.07476635514018,112.32314691538653,26.751619439753654,26.751619439753654,44643.0,36055.73015983908,8587.269840160923,False,False,False,False
962,0.6886184681460272,ZL-00157,2024-12,Industrie,197,139.248730964467,166.0094631973377,-26.76073223287071,26.76073223287071,27432.0,32703.86424987553,-5271.864249875529,False,False,False,False
963,0.6893342877594846,ZL-00655,2024-12,Gewerbe,56,134.125,107.36135406829781,26.763645931702186,26.763645931702186,7511.0,6012.2358278246775,1498.7641721753225,False,False,False,False
964,0.690050107372942,ZL-00382,2024-12,Gewerbe,91,157.82417582417582,130.97552175465586,26.848654069519966,26.848654069519966,14362.0,11918.772479673684,2443.227520326316,False,False,False,False
965,0.6907659269863994,ZL-00358,2024-11,Industrie,409,210.20293398533008,183.349214999655,26.853718985675073,26.853718985675073,85973.0,74989.8289348589,10983.171065141098,False,False,False,False
966,0.6914817465998568,ZL-00639,2024-11,Industrie,362,139.1878453038674,166.08776835538325,-26.899923051515856,26.899923051515856,50386.0,60123.772144648734,-9737.772144648734,False,False,False,False
967,0.6921975662133143,ZL-00073,2024-11,Gewerbe,43,94.13953488372093,121.0466087462471,-26.907073862526175,26.907073862526175,4048.0,5205.004176088625,-1157.0041760886252,False,False,False,False
968,0.6929133858267716,ZL-00201,2024-12,Gewerbe,50,219.56,192.6368002718116,26.923199728188393,26.923199728188393,10978.0,9631.840013590581,1346.1599864094187,False,False,False,False
969,0.6936292054402291,ZL-00091,2024-12,Gewerbe,77,225.32467532467533,198.38639764886577,26.93827767580956,26.93827767580956,17350.0,15275.752618962664,2074.247381037336,False,False,False,False
970,0.6943450250536864,ZL-00214,2024-11,Kommunal,44,145.97727272727272,118.95919805627491,27.018074670997805,27.018074670997805,6423.0,5234.204714476096,1188.7952855239037,False,False,False,False
971,0.6950608446671439,ZL-00355,2024-11,Industrie,144,135.72222222222223,162.8044530376888,-27.082230815466573,27.082230815466573,19544.0,23443.841237427187,-3899.8412374271866,False,False,False,False
972,0.6957766642806013,ZL-00288,2024-12,Gewerbe,89,144.46067415730337,117.3751947174301,27.085479439873268,27.085479439873268,12857.0,10446.39232985128,2410.60767014872,False,False,False,False
973,0.6964924838940587,ZL-00451,2024-12,Gewerbe,43,142.7906976744186,169.8806232482109,-27.0899255737923,27.0899255737923,6140.0,7304.866799673068,-1164.8667996730683,False,False,False,False
974,0.6972083035075161,ZL-00485,2024-12,Industrie,102,170.44117647058823,143.25038583822862,27.190790632359608,27.190790632359608,17385.0,14611.539355499319,2773.460644500681,False,False,False,False
975,0.6979241231209735,ZL-00431,2024-11,Gewerbe,30,116.4,143.59679695523468,-27.196796955234674,27.196796955234674,3492.0,4307.90390865704,-815.9039086570401,False,False,False,False
976,0.698639942734431,ZL-00398,2024-11,Industrie,269,102.28252788104088,129.5526844443789,-27.270156563338034,27.270156563338034,27514.0,34849.67211553793,-7335.672115537927,False,False,False,False
977,0.6993557623478883,ZL-00033,2024-12,Gewerbe,56,181.53571428571428,154.07086535530763,27.464848930406646,27.464848930406646,10166.0,8627.968459897227,1538.0315401027729,False,False,False,False
978,0.7000715819613458,ZL-00025,2024-11,Industrie,409,150.17359413202934,122.598735239299,27.574858892730333,27.574858892730333,61421.0,50142.882712873296,11278.117287126704,False,False,False,False
979,0.7007874015748031,ZL-00192,2024-12,Gewerbe,42,125.76190476190476,98.18534365992997,27.57656110197479,27.57656110197479,5282.0,4123.784433717059,1158.215566282941,False,False,False,False
980,0.7015032211882606,ZL-00453,2024-12,Gewerbe,89,104.1123595505618,131.6900847396865,-27.577725189124706,27.577725189124706,9266.0,11720.4175418321,-2454.4175418320992,False,False,False,False
981,0.7022190408017179,ZL-00174,2024-11,Industrie,430,192.93255813953488,220.61247975217591,-27.67992161264104,27.67992161264104,82961.0,94863.36629343564,-11902.36629343564,False,False,False,False
982,0.7029348604151754,ZL-00652,2024-11,Gewerbe,89,173.31460674157304,145.63383736182422,27.680769379748824,27.680769379748824,15425.0,12961.411525202355,2463.588474797645,False,False,False,False
983,0.7036506800286327,ZL-00351,2024-11,Gewerbe,48,201.4375,229.12781149381635,-27.690311493816353,27.690311493816353,9669.0,10998.134951703185,-1329.134951703185,False,False,False,False
984,0.7043664996420902,ZL-00302,2024-11,Gewerbe,102,164.4803921568627,192.21895796962326,-27.738565812760555,27.738565812760555,16777.0,19606.33371290157,-2829.333712901571,False,False,False,False
985,0.7050823192555477,ZL-00254,2024-12,Kommunal,92,221.5217391304348,193.72591416412422,27.79582496631059,27.79582496631059,20380.0,17822.784103099428,2557.2158969005723,False,False,False,False
986,0.705798138869005,ZL-00439,2024-12,Kommunal,69,197.3768115942029,169.49294163501634,27.88386995918657,27.88386995918657,13619.0,11695.012972816126,1923.9870271838736,False,False,False,False
987,0.7065139584824625,ZL-00508,2024-12,Industrie,184,224.8423913043478,196.82886261404207,28.013528690305748,28.013528690305748,41371.0,36216.51072098374,5154.489279016263,False,False,False,False
988,0.7072297780959198,ZL-00563,2024-12,Industrie,160,199.68125,171.65916504505697,28.02208495494304,28.02208495494304,31949.0,27465.466407209115,4483.533592790885,False,False,False,False
989,0.7079455977093773,ZL-00609,2024-11,Industrie,100,163.94,192.00041391219244,-28.060413912192445,28.060413912192445,16394.0,19200.041391219245,-2806.0413912192453,False,False,False,False
990,0.7086614173228346,ZL-00284,2024-12,Industrie,203,149.21182266009853,121.10832779648447,28.10349486361406,28.10349486361406,30290.0,24584.990542686348,5705.009457313652,False,False,False,False
991,0.7093772369362921,ZL-00079,2024-11,Kommunal,139,179.15827338129498,151.0510482830691,28.107225098225882,28.107225098225882,24903.0,20996.095711346603,3906.904288653397,False,False,False,False
992,0.7100930565497494,ZL-00338,2024-11,Gewerbe,41,224.90243902439025,196.68586896369578,28.216570060694465,28.216570060694465,9221.0,8064.120627511527,1156.8793724884727,False,False,False,False
993,0.7108088761632069,ZL-00204,2024-12,Gewerbe,122,137.97540983606558,109.69577824205435,28.279631594011235,28.279631594011235,16833.0,13382.88494553063,3450.11505446937,False,False,False,False
994,0.7115246957766643,ZL-00461,2024-11,Gewerbe,86,132.58139534883722,104.1663892501787,28.415006098658523,28.415006098658523,11402.0,8958.309475515367,2443.690524484633,False,False,False,False
995,0.7122405153901217,ZL-00088,2024-12,Gewerbe,36,175.69444444444446,147.21960611696895,28.47483832747551,28.47483832747551,6325.0,5299.905820210882,1025.0941797891182,False,False,False,False
996,0.7129563350035791,ZL-00145,2024-11,Gewerbe,105,215.15238095238087,186.65112347755522,28.50125747482565,28.50125747482565,22591.0,19598.367965143298,2992.6320348567024,False,False,False,False
997,0.7136721546170365,ZL-00156,2024-12,Industrie,799,203.09887359199,174.59600293523258,28.502870656757437,28.502870656757437,162276.0,139502.20634525083,22773.79365474917,False,False,False,False
998,0.7143879742304939,ZL-00172,2024-11,Industrie,311,194.8135048231512,166.30818388255054,28.505320940600654,28.505320940600654,60587.0,51721.84518747322,8865.15481252678,False,False,False,False
999,0.7151037938439513,ZL-00423,2024-12,Gewerbe,62,136.74193548387098,108.14209500581559,28.599840478055384,28.599840478055384,8478.0,6704.809890360567,1773.190109639433,False,False,False,False
1000,0.7158196134574087,ZL-00575,2024-11,Kommunal,88,190.6590909090909,162.04171317177904,28.61737773731187,28.61737773731187,16778.0,14259.670759116556,2518.329240883444,False,False,False,False
1001,0.7165354330708661,ZL-00060,2024-11,Gewerbe,80,140.6875,112.04553053194897,28.64196946805103,28.64196946805103,11255.0,8963.642442555918,2291.357557444082,False,False,False,False
1002,0.7172512526843235,ZL-00218,2024-12,Gewerbe,20,170.4,141.75775868261607,28.642241317383935,28.642241317383935,3408.0,2835.1551736523215,572.8448263476785,False,False,False,False
1003,0.717967072297781,ZL-00664,2024-12,Gewerbe,94,244.6595744680851,215.99513579538026,28.664438672704847,28.664438672704847,22998.0,20303.542764765745,2694.4572352342548,False,False,False,False
1004,0.7186828919112384,ZL-00311,2024-11,Gewerbe,64,151.5,122.82291399810643,28.67708600189357,28.67708600189357,9696.0,7860.6664958788115,1835.3335041211885,False,False,False,False
1005,0.7193987115246958,ZL-00195,2024-12,Gewerbe,109,225.5688073394496,196.86989875124172,28.69890858820787,28.69890858820787,24587.0,21458.818963885347,3128.1810361146527,False,False,False,False
1006,0.7201145311381532,ZL-00081,2024-11,Gewerbe,72,163.25,192.0250121112892,-28.775012111289186,28.775012111289186,11754.0,13825.800872012822,-2071.800872012822,False,False,False,False
1007,0.7208303507516106,ZL-00480,2024-12,Gewerbe,52,235.19230769230768,206.37126135324397,28.821046339063713,28.821046339063713,12230.0,10731.305590368685,1498.6944096313146,False,False,False,False
1008,0.721546170365068,ZL-00191,2024-12,Kommunal,28,147.82142857142858,118.83200610938177,28.989422462046818,28.989422462046818,4139.0,3327.2961710626896,811.7038289373104,False,False,False,False
1009,0.7222619899785254,ZL-00236,2024-11,Gewerbe,120,147.525,118.52544225097054,28.999557749029464,28.999557749029464,17703.0,14223.053070116464,3479.9469298835356,False,False,False,False
1010,0.7229778095919828,ZL-00601,2024-11,Industrie,385,134.05454545454546,104.93195665609393,29.12258879845153,29.12258879845153,51611.0,40398.80331259617,11212.196687403833,False,False,False,False
1011,0.7236936292054402,ZL-00574,2024-12,Industrie,370,232.16486486486485,203.0143655140813,29.150499350783548,29.150499350783548,85901.0,75115.31524021008,10785.684759789918,False,False,False,False
1012,0.7244094488188977,ZL-00062,2024-12,Gewerbe,70,186.88571428571427,157.67211207755793,29.213602208156345,29.213602208156345,13082.0,11037.047845429055,2044.952154570945,False,False,False,False
1013,0.725125268432355,ZL-00023,2024-12,Industrie,249,142.12449799196787,171.41390008328733,-29.28940209131946,29.28940209131946,35389.0,42682.061120738545,-7293.061120738545,False,False,False,False
1014,0.7258410880458125,ZL-00245,2024-12,Industrie,359,150.75766016713092,121.33025079523664,29.427409371894285,29.427409371894285,54122.0,43557.56003548995,10564.43996451005,False,False,False,False
1015,0.7265569076592698,ZL-00684,2024-12,Industrie,284,167.55281690140845,197.00007672829184,-29.447259826883396,29.447259826883396,47585.0,55948.021790834886,-8363.021790834886,False,False,False,False
1016,0.7272727272727273,ZL-00210,2024-12,Gewerbe,35,181.17142857142852,151.72411850500328,29.447310066425246,29.447310066425246,6341.0,5310.344147675115,1030.655852324885,False,False,False,False
1017,0.7279885468861846,ZL-00377,2024-12,Industrie,173,248.0635838150289,218.45496322157686,29.60862059345203,29.60862059345203,42915.0,37792.7086373328,5122.291362667202,False,False,False,False
1018,0.7287043664996421,ZL-00163,2024-12,Industrie,234,128.94871794871796,99.25460031945804,29.69411762925992,29.69411762925992,30174.0,23225.57647475318,6948.423525246821,False,False,False,False
1019,0.7294201861130994,ZL-00508,2024-11,Industrie,184,162.9673913043478,192.66639535653317,-29.69900405218536,29.69900405218536,29986.0,35450.61674560211,-5464.616745602107,False,False,False,False
1020,0.7301360057265569,ZL-00428,2024-11,Kommunal,48,146.72916666666666,117.00854853461742,29.72061813204924,29.72061813204924,7043.0,5616.410329661636,1426.5896703383642,False,False,False,False
1021,0.7308518253400144,ZL-00305,2024-11,Gewerbe,55,234.3272727272727,204.58782514678748,29.739447580485233,29.739447580485233,12888.0,11252.330383073311,1635.6696169266888,False,False,False,False
1022,0.7315676449534717,ZL-00586,2024-12,Gewerbe,60,133.45,163.2889477697213,-29.8389477697213,29.8389477697213,8007.0,9797.336866183277,-1790.3368661832774,False,False,False,False
1023,0.7322834645669292,ZL-00317,2024-11,Gewerbe,66,145.72727272727272,115.86626789995408,29.861004827318638,29.861004827318638,9618.0,7647.173681396969,1970.8263186030308,False,False,False,False
1024,0.7329992841803865,ZL-00478,2024-11,Gewerbe,28,193.53571428571428,223.49355302454774,-29.95783873883346,29.95783873883346,5419.0,6257.819484687337,-838.8194846873366,False,False,False,False
1025,0.733715103793844,ZL-00056,2024-12,Industrie,442,122.2420814479638,152.23614666834797,-29.994065220384172,29.994065220384172,54031.0,67288.3768274098,-13257.376827409797,False,False,False,False
1026,0.7344309234073013,ZL-00015,2024-12,Gewerbe,53,172.8490566037736,142.84584644125962,30.003210162513966,30.003210162513966,9161.0,7570.82986138676,1590.17013861324,False,False,False,False
1027,0.7351467430207588,ZL-00315,2024-12,Kommunal,169,136.12426035502958,106.05734263552677,30.06691771950281,30.06691771950281,23005.0,17923.690905404022,5081.3090945959775,False,False,False,False
1028,0.7358625626342162,ZL-00566,2024-11,Gewerbe,35,131.34285714285716,101.25967856578256,30.08317857707459,30.08317857707459,4597.0,3544.08874980239,1052.9112501976101,False,False,False,False
1029,0.7365783822476736,ZL-00419,2024-11,Gewerbe,42,199.2619047619048,169.1641614179507,30.09774334395408,30.09774334395408,8369.0,7104.89477955393,1264.1052204460702,False,False,False,False
1030,0.737294201861131,ZL-00360,2024-12,Gewerbe,41,186.85365853658536,156.7267548518621,30.12690368472326,30.12690368472326,7661.0,6425.796948926346,1235.203051073654,False,False,False,False
1031,0.7380100214745884,ZL-00325,2024-12,Industrie,281,179.22064056939502,149.0620031740569,30.158637395338104,30.158637395338104,50361.0,41886.42289190999,8474.577108090009,False,False,False,False
1032,0.7387258410880458,ZL-00038,2024-12,Industrie,286,252.94755244755245,222.78640067958415,30.161151767968306,30.161151767968306,72343.0,63716.91059436106,8626.089405638937,False,False,False,False
1033,0.7394416607015032,ZL-00390,2024-11,Gewerbe,24,110.375,140.54706627108902,-30.172066271089022,30.172066271089022,2649.0,3373.1295905061365,-724.1295905061365,False,False,False,False
1034,0.7401574803149606,ZL-00591,2024-12,Gewerbe,45,134.0222222222222,103.80801939006965,30.214202832152566,30.214202832152566,6031.0,4671.360872553134,1359.639127446866,False,False,False,False
1035,0.740873299928418,ZL-00026,2024-11,Kommunal,97,217.97938144329896,187.639435423376,30.339946019922962,30.339946019922962,21144.0,18201.02523606747,2942.9747639325287,False,False,False,False
1036,0.7415891195418755,ZL-00337,2024-12,Industrie,156,221.25,190.77199020464494,30.478009795355064,30.478009795355064,34515.0,29760.43047192461,4754.56952807539,False,False,False,False
1037,0.7423049391553329,ZL-00250,2024-11,Industrie,84,210.3095238095238,179.76045349764019,30.54907031188361,30.54907031188361,17666.0,15099.878093801775,2566.1219061982247,False,False,False,False
1038,0.7430207587687903,ZL-00323,2024-11,Industrie,140,169.70714285714286,200.26976217080673,-30.562619313663873,30.562619313663873,23759.0,28037.76670391294,-4278.766703912941,False,False,False,False
1039,0.7437365783822477,ZL-00405,2024-12,Gewerbe,49,203.6530612244898,173.0498361330395,30.603225091450298,30.603225091450298,9979.0,8479.441970518936,1499.5580294810643,False,False,False,False
1040,0.7444523979957051,ZL-00121,2024-11,Gewerbe,83,225.9036144578313,195.20087106341336,30.70274339441795,30.70274339441795,18750.0,16201.67229826331,2548.327701736691,False,False,False,False
1041,0.7451682176091625,ZL-00540,2024-11,Industrie,72,129.79166666666666,99.08247856961763,30.709188097049022,30.709188097049022,9345.0,7133.938457012469,2211.0615429875306,False,False,False,False
1042,0.7458840372226199,ZL-00376,2024-12,Industrie,196,238.9336734693877,208.21002144808335,30.72365202130436,30.72365202130436,46831.0,40809.16420382434,6021.835796175663,False,False,False,False
1043,0.7465998568360773,ZL-00312,2024-11,Kommunal,98,122.91836734693878,92.17770809015725,30.740659256781527,30.740659256781527,12046.0,9033.415392835412,3012.5846071645883,False,False,False,False
1044,0.7473156764495347,ZL-00114,2024-11,Gewerbe,51,164.5686274509804,195.34600813077114,-30.777380679790753,30.777380679790753,8393.0,9962.646414669329,-1569.6464146693288,False,False,False,False
1045,0.7480314960629921,ZL-00568,2024-12,Gewerbe,88,226.29545454545453,195.30224494806126,30.993209597393275,30.993209597393275,19914.0,17186.59755542939,2727.402444570609,False,False,False,False
1046,0.7487473156764496,ZL-00550,2024-11,Industrie,230,196.1478260869565,227.1551000318517,-31.00727394489519,31.00727394489519,45114.0,52245.673007325895,-7131.673007325895,False,False,False,False
1047,0.7494631352899069,ZL-00297,2024-12,Industrie,752,172.35638297872342,141.34897859029206,31.007404388431354,31.007404388431354,129612.0,106294.43189989963,23317.56810010037,False,False,False,False
1048,0.7501789549033644,ZL-00522,2024-12,Gewerbe,54,150.74074074074073,119.68732081922617,31.05341992151456,31.05341992151456,8140.0,6463.115324238213,1676.8846757617866,False,False,False,False
1049,0.7508947745168217,ZL-00695,2024-12,Industrie,232,237.1379310344828,206.07243266089964,31.065498373583154,31.065498373583154,55016.0,47808.80437732871,7207.195622671286,False,False,False,False
1050,0.7516105941302792,ZL-00336,2024-11,Kommunal,67,251.1044776119403,220.03416562726647,31.070311984673822,31.070311984673822,16824.0,14742.289097026855,2081.7109029731455,False,False,False,False
1051,0.7523264137437365,ZL-00503,2024-11,Industrie,82,200.26829268292684,169.16465488401434,31.1036377989125,31.1036377989125,16422.0,13871.501700489176,2550.498299510824,False,False,False,False
1052,0.753042233357194,ZL-00644,2024-11,Gewerbe,119,105.28571428571428,136.70701038940965,-31.42129610369537,31.42129610369537,12529.0,16268.134236339747,-3739.134236339747,False,False,False,False
1053,0.7537580529706513,ZL-00383,2024-11,Gewerbe,42,245.5952380952381,214.1229153548316,31.472322740406497,31.472322740406497,10315.0,8993.162444902928,1321.8375550970723,False,False,False,False
1054,0.7544738725841088,ZL-00546,2024-11,Gewerbe,53,167.9811320754717,136.48492858157906,31.496203493892637,31.496203493892637,8903.0,7233.70121482369,1669.29878517631,False,False,False,False
1055,0.7551896921975663,ZL-00625,2024-12,Gewerbe,82,169.91463414634146,138.34935214701937,31.56528199932208,31.56528199932208,13933.0,11344.646876055589,2588.353123944411,False,False,False,False
1056,0.7559055118110236,ZL-00263,2024-11,Gewerbe,60,187.51666666666668,219.16906739408967,-31.652400727422986,31.652400727422986,11251.0,13150.14404364538,-1899.1440436453795,False,False,False,False
1057,0.7566213314244811,ZL-00041,2024-11,Gewerbe,50,133.12,101.45174370492991,31.668256295070094,31.668256295070094,6656.0,5072.587185246495,1583.4128147535048,False,False,False,False
1058,0.7573371510379384,ZL-00048,2024-12,Industrie,165,220.5818181818182,188.88374041365518,31.698077768163017,31.698077768163017,36396.0,31165.817168253103,5230.182831746897,False,False,False,False
1059,0.7580529706513959,ZL-00046,2024-11,Gewerbe,119,129.15126050420167,97.43019156375584,31.721068940445832,31.721068940445832,15369.0,11594.192796086945,3774.8072039130548,False,False,False,False
1060,0.7587687902648532,ZL-00105,2024-12,Gewerbe,73,162.15068493150685,130.42090582690028,31.729779104606564,31.729779104606564,11837.0,9520.72612536372,2316.2738746362793,False,False,False,False
1061,0.7594846098783107,ZL-00194,2024-11,Industrie,192,119.13541666666669,150.87384161814362,-31.73842495147693,31.73842495147693,22874.0,28967.777590683574,-6093.777590683574,False,False,False,False
1062,0.760200429491768,ZL-00013,2024-12,Industrie,171,238.77777777777777,206.98614288300675,31.791634894771022,31.791634894771022,40831.0,35394.630432994156,5436.369567005844,False,False,False,False
1063,0.7609162491052255,ZL-00553,2024-11,Gewerbe,41,180.5609756097561,212.56669161471774,-32.00571600496164,32.00571600496164,7403.0,8715.234356203428,-1312.2343562034275,False,False,False,False
1064,0.7616320687186829,ZL-00628,2024-12,Gewerbe,67,169.88059701492537,137.82616260438516,32.05443441054021,32.05443441054021,11382.0,9234.352894493806,2147.647105506194,False,False,False,False
1065,0.7623478883321403,ZL-00600,2024-12,Industrie,161,149.8198757763975,117.71509642155846,32.10477935483905,32.10477935483905,24121.0,18952.13052387091,5168.86947612909,False,False,False,False
1066,0.7630637079455977,ZL-00606,2024-12,Industrie,134,224.71641791044777,192.5713400336683,32.14507787677948,32.14507787677948,30112.0,25804.55956451155,4307.44043548845,False,False,False,False
1067,0.7637795275590551,ZL-00295,2024-11,Kommunal,30,148.23333333333332,115.92349624716441,32.30983708616891,32.30983708616891,4447.0,3477.7048874149323,969.2951125850677,False,False,False,False
1068,0.7644953471725126,ZL-00371,2024-11,Gewerbe,39,150.53846153846155,118.21499634592644,32.32346519253511,32.32346519253511,5871.0,4610.384857491131,1260.6151425088692,False,False,False,False
1069,0.7652111667859699,ZL-00502,2024-11,Kommunal,108,135.27777777777777,167.69926752931258,-32.42148975153481,32.42148975153481,14610.0,18111.520893165758,-3501.520893165758,False,False,False,False
1070,0.7659269863994274,ZL-00140,2024-11,Industrie,294,187.70408163265307,155.1792791455287,32.52480248712436,32.52480248712436,55185.0,45622.70806878544,9562.29193121456,False,False,False,False
1071,0.7666428060128847,ZL-00322,2024-11,Industrie,297,85.25925925925925,117.86340587611312,-32.60414661685387,32.60414661685387,25322.0,35005.431545205596,-9683.431545205596,False,False,False,False
1072,0.7673586256263422,ZL-00578,2024-12,Gewerbe,61,174.36065573770492,141.7128334175077,32.64782232019721,32.64782232019721,10636.0,8644.48283846797,1991.5171615320305,False,False,False,False
1073,0.7680744452397996,ZL-00216,2024-11,Industrie,303,265.2046204620462,232.5098621178675,32.694758344178695,32.694758344178695,80357.0,70450.48822171385,9906.511778286149,False,False,False,False
1074,0.768790264853257,ZL-00570,2024-11,Gewerbe,36,253.66666666666663,220.94772557573916,32.71894109092747,32.71894109092747,9132.0,7954.11812072661,1177.88187927339,False,False,False,False
1075,0.7695060844667144,ZL-00584,2024-12,Gewerbe,42,234.1428571428572,201.40417135470733,32.738685788149866,32.738685788149866,9834.0,8458.975196897707,1375.024803102293,False,False,False,False
1076,0.7702219040801718,ZL-00334,2024-11,Gewerbe,64,150.96875,118.14719226355305,32.82155773644695,32.82155773644695,9662.0,7561.420304867395,2100.5796951326047,False,False,False,False
1077,0.7709377236936292,ZL-00375,2024-12,Gewerbe,59,173.71186440677965,140.85124043987693,32.86062396690272,32.86062396690272,10249.0,8310.223185952738,1938.7768140472617,False,False,False,False
1078,0.7716535433070866,ZL-00316,2024-11,Kommunal,96,169.47916666666666,202.4909950107102,-33.01182834404355,33.01182834404355,16270.0,19439.13552102818,-3169.13552102818,False,False,False,False
1079,0.772369362920544,ZL-00051,2024-11,Gewerbe,40,158.875,192.1297922753996,-33.25479227539961,33.25479227539961,6355.0,7685.191691015984,-1330.1916910159844,False,False,False,False
1080,0.7730851825340014,ZL-00212,2024-11,Gewerbe,128,132.8125,166.07850698904855,-33.26600698904855,33.26600698904855,17000.0,21258.048894598214,-4258.048894598214,False,False,False,False
1081,0.7738010021474588,ZL-00032,2024-11,Gewerbe,94,168.04255319148936,201.58558011630592,-33.54302692481656,33.54302692481656,15796.0,18949.044530932755,-3153.044530932755,False,False,False,False
1082,0.7745168217609163,ZL-00370,2024-12,Gewerbe,38,235.68421052631572,202.11315842376266,33.57105210255307,33.57105210255307,8956.0,7680.300020102981,1275.6999798970191,False,False,False,False
1083,0.7752326413743736,ZL-00379,2024-12,Industrie,388,139.80670103092783,106.17995856253583,33.626742468391996,33.626742468391996,54245.0,41197.8239222639,13047.176077736098,False,False,False,False
1084,0.7759484609878311,ZL-00289,2024-12,Industrie,125,166.296,132.59341937321742,33.70258062678258,33.70258062678258,20787.0,16574.177421652177,4212.822578347823,False,False,False,False
1085,0.7766642806012884,ZL-00595,2024-11,Industrie,331,234.4682779456193,200.753596895197,33.714681050422286,33.714681050422286,77609.0,66449.44057231021,11159.55942768979,False,False,False,False
1086,0.7773801002147459,ZL-00682,2024-11,Kommunal,118,210.44915254237287,176.7302068200509,33.71894572232196,33.71894572232196,24833.0,20854.16440476601,3978.8355952339916,False,False,False,False
1087,0.7780959198282033,ZL-00058,2024-11,Industrie,135,146.94074074074075,180.76849596977706,-33.82775522903631,33.82775522903631,19837.0,24403.746955919905,-4566.746955919905,False,False,False,False
1088,0.7788117394416607,ZL-00393,2024-11,Gewerbe,29,221.0344827586207,187.20041148006337,33.83407127855733,33.83407127855733,6410.0,5428.811932921838,981.188067078162,False,False,False,False
1089,0.7795275590551181,ZL-00343,2024-11,Gewerbe,20,237.7,203.77570758633058,33.924292413669406,33.924292413669406,4754.0,4075.5141517266115,678.4858482733885,False,False,False,False
1090,0.7802433786685755,ZL-00387,2024-12,Kommunal,102,280.7647058823529,246.82972722883355,33.93497865351938,33.93497865351938,28638.0,25176.632177341024,3461.3678226589764,False,False,False,False
1091,0.780959198282033,ZL-00251,2024-12,Industrie,283,138.79858657243815,104.83528865828029,33.96329791415786,33.96329791415786,39280.0,29668.386690293322,9611.613309706678,False,False,False,False
1092,0.7816750178954903,ZL-00347,2024-12,Gewerbe,67,226.3134328358209,192.265011020957,34.0484218148639,34.0484218148639,15163.0,12881.755738404117,2281.2442615958826,False,False,False,False
1093,0.7823908375089478,ZL-00035,2024-12,Gewerbe,43,249.5813953488372,215.45098795502656,34.13040739381063,34.13040739381063,10732.0,9264.392482066141,1467.6075179338586,False,False,False,False
1094,0.7831066571224051,ZL-00563,2024-11,Industrie,160,178.49375,144.2686472955178,34.2251027044822,34.2251027044822,28559.0,23082.98356728285,5476.0164327171515,False,False,False,False
1095,0.7838224767358626,ZL-00024,2024-12,Gewerbe,55,152.94545454545454,118.68202357648117,34.26343096897337,34.26343096897337,8412.0,6527.511296706464,1884.4887032935358,False,False,False,False
1096,0.7845382963493199,ZL-00162,2024-12,Industrie,184,136.5,102.15419468100575,34.34580531899425,34.34580531899425,25116.0,18796.371821305056,6319.628178694944,False,False,False,False
1097,0.7852541159627774,ZL-00102,2024-11,Gewerbe,50,79.6,113.96629164550318,-34.36629164550318,34.36629164550318,3980.0,5698.3145822751585,-1718.3145822751585,False,False,False,False
1098,0.7859699355762347,ZL-00207,2024-12,Gewerbe,84,137.48809523809524,102.88696018541714,34.6011350526781,34.6011350526781,11549.0,8642.50465557504,2906.4953444249604,False,False,False,False
1099,0.7866857551896922,ZL-00127,2024-11,Gewerbe,39,200.46153846153845,165.8512214573692,34.61031700416925,34.61031700416925,7818.0,6468.197636837399,1349.802363162601,False,False,False,False
1100,0.7874015748031497,ZL-00498,2024-12,Gewerbe,84,136.38095238095238,171.00380846152163,-34.62285608056925,34.62285608056925,11456.0,14364.319910767817,-2908.3199107678174,False,False,False,False
1101,0.788117394416607,ZL-00174,2024-12,Industrie,430,234.31162790697675,199.6047353328453,34.706892574131444,34.706892574131444,100754.0,85830.03619312348,14923.96380687652,False,False,False,False
1102,0.7888332140300645,ZL-00030,2024-12,Industrie,300,230.0,195.29249374810695,34.70750625189305,34.70750625189305,69000.0,58587.74812443209,10412.251875567912,False,False,False,False
1103,0.7895490336435218,ZL-00390,2024-12,Gewerbe,24,174.16666666666666,139.39863328472867,34.76803338193798,34.76803338193798,4180.0,3345.567198833488,834.432801166512,False,False,False,False
1104,0.7902648532569793,ZL-00668,2024-11,Industrie,322,172.21428571428572,207.19849491947315,-34.984209205187426,34.984209205187426,55453.0,66717.91536407036,-11264.915364070359,False,False,False,False
1105,0.7909806728704366,ZL-00683,2024-12,Kommunal,56,203.0,167.9973288136697,35.0026711863303,35.0026711863303,11368.0,9407.850413565502,1960.149586434498,False,False,False,False
1106,0.7916964924838941,ZL-00463,2024-12,Gewerbe,65,177.3230769230769,142.2638191771248,35.059257745952124,35.059257745952124,11526.0,9247.148246513112,2278.851753486888,False,False,False,False
1107,0.7924123120973514,ZL-00603,2024-12,Industrie,284,196.7676056338028,231.85822795881012,-35.09062232500733,35.09062232500733,55882.0,65847.73674030208,-9965.736740302076,False,False,False,False
1108,0.7931281317108089,ZL-00056,2024-11,Industrie,442,200.96153846153845,165.81732266520612,35.14421579633233,35.14421579633233,88825.0,73291.2566180211,15533.7433819789,False,False,False,False
1109,0.7938439513242663,ZL-00464,2024-12,Gewerbe,87,135.19540229885058,100.04848721772176,35.146915081128824,35.146915081128824,11762.0,8704.218387941793,3057.7816120582065,False,False,False,False
1110,0.7945597709377237,ZL-00455,2024-12,Industrie,259,160.8108108108108,125.46146946963172,35.349341341179084,35.349341341179084,41650.0,32494.520592634617,9155.479407365383,False,False,False,False
1111,0.7952755905511811,ZL-00020,2024-12,Kommunal,80,258.45,223.03250622672064,35.41749377327935,35.41749377327935,20676.0,17842.60049813765,2833.39950186235,False,False,False,False
1112,0.7959914101646385,ZL-00376,2024-11,Industrie,196,243.00510204081635,207.58160410404298,35.42349793677337,35.42349793677337,47629.0,40685.994404392426,6943.005595607574,False,False,False,False
1113,0.7967072297780959,ZL-00114,2024-12,Gewerbe,51,162.58823529411765,198.22194474648927,-35.63370945237162,35.63370945237162,8292.0,10109.319182070953,-1817.3191820709526,False,False,False,False
1114,0.7974230493915533,ZL-00383,2024-12,Gewerbe,42,253.5952380952381,217.79475483436843,35.80048326086967,35.80048326086967,10651.0,9147.379703043474,1503.6202969565256,False,False,False,False
1115,0.7981388690050107,ZL-00175,2024-11,Industrie,213,172.92018779342723,208.72219847539301,-35.80201068196578,35.80201068196578,36832.0,44457.82827525871,-7625.828275258711,False,False,False,False
1116,0.7988546886184682,ZL-00424,2024-11,Gewerbe,81,242.2962962962963,206.39724697412328,35.89904932217303,35.89904932217303,19626.0,16718.177004903984,2907.822995096016,False,False,False,False
1117,0.7995705082319255,ZL-00589,2024-11,Gewerbe,54,116.51851851851852,152.4372518641407,-35.91873334562219,35.91873334562219,6292.0,8231.611600663598,-1939.6116006635984,False,False,False,False
1118,0.800286327845383,ZL-00095,2024-11,Gewerbe,58,155.82758620689654,119.78594206478684,36.0416441421097,36.0416441421097,9038.0,6947.584639757637,2090.415360242363,False,False,False,False
1119,0.8010021474588404,ZL-00029,2024-11,Kommunal,246,181.7357723577236,217.90490642104086,-36.16913406331727,36.16913406331727,44707.0,53604.606979576056,-8897.606979576056,False,False,False,False
1120,0.8017179670722978,ZL-00509,2024-11,Gewerbe,44,203.27272727272728,167.07530149496668,36.1974257777606,36.1974257777606,8944.0,7351.313265778534,1592.6867342214664,False,False,False,False
1121,0.8024337866857552,ZL-00688,2024-12,Gewerbe,126,249.7301587301588,213.5293964964428,36.20076223371598,36.20076223371598,31466.0,26904.703958551796,4561.296041448204,False,False,False,False
1122,0.8031496062992126,ZL-00484,2024-11,Industrie,181,141.01657458563537,104.80962535167271,36.20694923396266,36.20694923396266,25524.0,18970.54218865276,6553.457811347242,False,False,False,False
1123,0.80386542591267,ZL-00170,2024-11,Gewerbe,44,138.86363636363637,175.16780044008905,-36.30416407645268,36.30416407645268,6110.0,7707.383219363918,-1597.3832193639182,False,False,False,False
1124,0.8045812455261274,ZL-00178,2024-12,Industrie,248,244.68145161290323,208.3665245383553,36.31492707454794,36.31492707454794,60681.0,51674.89808551211,9006.101914487888,False,False,False,False
1125,0.8052970651395849,ZL-00649,2024-12,Kommunal,58,242.81034482758625,206.42352079237543,36.38682403521082,36.38682403521082,14083.0,11972.564205957775,2110.435794042225,False,False,False,False
1126,0.8060128847530422,ZL-00408,2024-11,Gewerbe,20,187.1,150.69785765007705,36.40214234992294,36.40214234992294,3742.0,3013.957153001541,728.042846998459,False,False,False,False
1127,0.8067287043664997,ZL-00370,2024-11,Gewerbe,38,205.3684210526316,168.91681326746513,36.45160778516646,36.45160778516646,7804.0,6418.838904163675,1385.1610958363253,False,False,False,False
1128,0.807444523979957,ZL-00117,2024-12,Industrie,549,193.504553734062,156.92250314594747,36.58205058811453,36.58205058811453,106234.0,86150.45422712516,20083.545772874844,False,False,False,False
1129,0.8081603435934145,ZL-00444,2024-11,Gewerbe,85,130.0,166.618438468924,-36.61843846892401,36.61843846892401,11050.0,14162.56726985854,-3112.5672698585404,False,False,False,False
1130,0.8088761632068718,ZL-00298,2024-12,Gewerbe,46,210.67391304347825,174.0215677854572,36.65234525802106,36.65234525802106,9691.0,8004.992118131031,1686.007881868969,False,False,False,False
1131,0.8095919828203293,ZL-00260,2024-12,Gewerbe,81,233.5555555555556,196.86101034294103,36.69454521261457,36.69454521261457,18918.0,15945.741837778223,2972.2581622217767,False,False,False,False
1132,0.8103078024337866,ZL-00494,2024-12,Gewerbe,40,269.675,232.79606305699843,36.87893694300158,36.87893694300158,10787.0,9311.842522279938,1475.1574777200622,False,False,False,False
1133,0.8110236220472441,ZL-00147,2024-12,Gewerbe,49,161.6326530612245,124.71779736359541,36.91485569762908,36.91485569762908,7920.0,6111.172070816175,1808.8279291838253,False,False,False,False
1134,0.8117394416607016,ZL-00221,2024-11,Industrie,182,173.6868131868132,210.67482005286658,-36.98800686605338,36.98800686605338,31611.0,38342.817249621716,-6731.817249621716,False,False,False,False
1135,0.8124552612741589,ZL-00584,2024-11,Gewerbe,42,219.8095238095238,182.77536029444772,37.034163515076074,37.034163515076074,9232.0,7676.565132366804,1555.4348676331956,False,False,False,False
1136,0.8131710808876164,ZL-00665,2024-12,Gewerbe,26,145.6153846153846,108.4444948905805,37.17088972480411,37.17088972480411,3786.0,2819.556867155093,966.4431328449068,False,False,False,False
1137,0.8138869005010737,ZL-00640,2024-12,Gewerbe,51,256.84313725490193,219.64640525754535,37.19673199735658,37.19673199735658,13099.0,11201.966668134814,1897.0333318651865,False,False,False,False
1138,0.8146027201145312,ZL-00667,2024-12,Industrie,162,169.91358024691357,132.71399481028493,37.19958543662864,37.19958543662864,27526.0,21499.66715926616,6026.332840733841,False,False,False,False
1139,0.8153185397279885,ZL-00061,2024-12,Gewerbe,76,191.8552631578948,154.65449666135993,37.20076649653487,37.20076649653487,14581.0,11753.741746263355,2827.258253736645,False,False,False,False
1140,0.816034359341446,ZL-00249,2024-11,Industrie,314,142.3248407643312,179.55218792891745,-37.227347164586234,37.227347164586234,44690.0,56379.38700968008,-11689.387009680082,False,False,False,False
1141,0.8167501789549033,ZL-00078,2024-11,Gewerbe,41,190.14634146341464,227.45088493536318,-37.304543471948534,37.304543471948534,7796.0,9325.48628234989,-1529.4862823498897,False,False,False,False
1142,0.8174659985683608,ZL-00406,2024-12,Gewerbe,50,186.86,149.40980175152393,37.450198248476084,37.450198248476084,9343.0,7470.490087576197,1872.5099124238031,False,False,False,False
1143,0.8181818181818182,ZL-00611,2024-12,Industrie,374,240.71657754010693,203.1622625801559,37.55431495995103,37.55431495995103,90028.0,75982.68620497831,14045.313795021691,False,False,False,False
1144,0.8188976377952756,ZL-00597,2024-11,Gewerbe,61,235.4262295081967,197.72135446483364,37.704875043363074,37.704875043363074,14361.0,12061.002622354852,2299.997377645148,False,False,False,False
1145,0.819613457408733,ZL-00674,2024-11,Gewerbe,39,229.66666666666663,191.8762571370668,37.79040952959983,37.79040952959983,8957.0,7483.174028345606,1473.8259716543944,False,False,False,False
1146,0.8203292770221904,ZL-00495,2024-11,Industrie,189,128.42328042328043,166.25880913875042,-37.83552871546999,37.83552871546999,24272.0,31422.91492722383,-7150.914927223828,False,False,False,False
1147,0.8210450966356478,ZL-00279,2024-12,Industrie,189,235.2169312169312,197.3409924086357,37.87593880829547,37.87593880829547,44456.0,37297.44756523215,7158.552434767851,False,False,False,False
1148,0.8217609162491052,ZL-00115,2024-11,Kommunal,49,139.77551020408163,101.85024480777867,37.92526539630296,37.92526539630296,6849.0,4990.661995581155,1858.3380044188452,False,False,False,False
1149,0.8224767358625626,ZL-00558,2024-11,Industrie,458,177.74672489082968,215.74679093113028,-38.000066040300595,38.000066040300595,81408.0,98812.03024645767,-17404.030246457667,False,False,False,False
1150,0.82319255547602,ZL-00551,2024-11,Gewerbe,57,206.96491228070167,168.91758139525635,38.04733088544532,38.04733088544532,11797.0,9628.302139529613,2168.6978604703872,False,False,False,False
1151,0.8239083750894775,ZL-00440,2024-12,Gewerbe,127,191.5275590551181,153.4622785834744,38.06528047164372,38.06528047164372,24324.0,19489.70938010125,4834.290619898751,False,False,False,False
1152,0.8246241947029349,ZL-00670,2024-11,Kommunal,28,252.6428571428572,214.55888143720054,38.083975705656655,38.083975705656655,7074.0,6007.648680241615,1066.3513197583852,False,False,False,False
1153,0.8253400143163923,ZL-00371,2024-12,Gewerbe,39,187.28205128205127,148.93332491242137,38.3487263696299,38.3487263696299,7304.0,5808.399671584433,1495.6003284155668,False,False,False,False
1154,0.8260558339298497,ZL-00373,2024-11,Gewerbe,79,155.68354430379748,117.29413588190405,38.38940842189342,38.38940842189342,12299.0,9266.23673467042,3032.7632653295805,False,False,False,False
1155,0.8267716535433071,ZL-00374,2024-11,Industrie,186,103.01075268817203,141.55798653973986,-38.547233851567825,38.547233851567825,19160.0,26329.785496391614,-7169.785496391614,False,False,False,False
1156,0.8274874731567645,ZL-00338,2024-12,Gewerbe,41,244.46341463414635,205.8637788193162,38.59963581483015,38.59963581483015,10023.0,8440.414931591964,1582.585068408036,False,False,False,False
1157,0.8282032927702219,ZL-00636,2024-11,Industrie,369,208.3360433604336,169.63812152815794,38.697921832275654,38.697921832275654,76876.0,62596.46684389028,14279.53315610972,False,False,False,False
1158,0.8289191123836793,ZL-00444,2024-12,Gewerbe,85,205.83529411764707,166.91536968020236,38.919924437444706,38.919924437444706,17496.0,14187.8064228172,3308.1935771827993,False,False,False,False
1159,0.8296349319971367,ZL-00042,2024-12,Kommunal,88,165.20454545454547,126.27516831382532,38.92937714072015,38.92937714072015,14538.0,11112.214811616628,3425.785188383372,False,False,False,False
1160,0.8303507516105941,ZL-00655,2024-11,Gewerbe,56,73.17857142857143,112.25259798595722,-39.07402655738579,39.07402655738579,4098.0,6286.145487213605,-2188.1454872136046,False,False,False,False
1161,0.8310665712240516,ZL-00555,2024-12,Kommunal,28,163.85714285714286,124.43416329600412,39.422979561138746,39.422979561138746,4588.0,3484.156572288115,1103.843427711885,False,False,False,False
1162,0.8317823908375089,ZL-00471,2024-11,Kommunal,96,174.08333333333334,213.58623932057793,-39.50290598724459,39.50290598724459,16712.0,20504.27897477548,-3792.2789747754796,False,False,False,False
1163,0.8324982104509664,ZL-00632,2024-11,Gewerbe,123,184.77235772357724,224.30507290723796,-39.53271518366071,39.53271518366071,22727.0,27589.52396759027,-4862.52396759027,False,False,False,False
1164,0.8332140300644237,ZL-00219,2024-11,Kommunal,64,181.90625,221.48761526711198,-39.58136526711198,39.58136526711198,11642.0,14175.207377095167,-2533.2073770951665,False,False,False,False
1165,0.8339298496778812,ZL-00676,2024-12,Industrie,360,165.29444444444445,125.62948885983525,39.6649555846092,39.6649555846092,59506.0,45226.61598954069,14279.384010459311,False,False,False,False
1166,0.8346456692913385,ZL-00476,2024-11,Gewerbe,28,206.3928571428572,166.71410002510402,39.67875711775318,39.67875711775318,5779.0,4667.9948007029125,1111.0051992970875,False,False,False,False
1167,0.835361488904796,ZL-00168,2024-12,Kommunal,82,260.219512195122,220.18485138221212,40.03466081290986,40.03466081290986,21338.0,18055.157813341393,3282.842186658607,False,False,False,False
1168,0.8360773085182533,ZL-00631,2024-12,Kommunal,189,268.35978835978835,228.25703744388937,40.10275091589898,40.10275091589898,50720.0,43140.580076895094,7579.419923104906,False,False,False,False
1169,0.8367931281317108,ZL-00070,2024-11,Gewerbe,23,166.17391304347825,125.94904804383492,40.22486499964333,40.22486499964333,3822.0,2896.8281050082032,925.1718949917968,False,False,False,False
1170,0.8375089477451683,ZL-00680,2024-11,Kommunal,87,237.97701149425288,197.6908491617339,40.286162332518984,40.286162332518984,20704.0,17199.103877070847,3504.8961229291526,False,False,False,False
1171,0.8382247673586256,ZL-00235,2024-11,Industrie,225,200.32444444444445,159.9620487708128,40.36239567363165,40.36239567363165,45073.0,35991.46097343288,9081.539026567123,False,False,False,False
1172,0.8389405869720831,ZL-00157,2024-11,Industrie,197,158.4263959390863,118.04555208531153,40.38084385377476,40.38084385377476,31210.0,23254.97376080637,7955.02623919363,False,False,False,False
1173,0.8396564065855404,ZL-00196,2024-12,Industrie,561,262.14081996434936,221.7201686677295,40.420651296619866,40.420651296619866,147061.0,124385.01462259625,22675.985377403747,False,False,False,False
1174,0.8403722261989979,ZL-00076,2024-12,Gewerbe,57,192.1052631578948,151.64893414580118,40.45632901209362,40.45632901209362,10950.0,8643.989246310668,2306.010753689332,False,False,False,False
1175,0.8410880458124552,ZL-00045,2024-12,Industrie,336,245.9017857142857,205.21313649782044,40.68864921646525,40.68864921646525,82623.0,68951.61386326767,13671.386136732326,False,False,False,False
1176,0.8418038654259127,ZL-00150,2024-12,Gewerbe,51,159.41176470588235,118.6079816635879,40.80378304229444,40.80378304229444,8130.0,6049.007064842983,2080.992935157017,False,False,False,False
1177,0.84251968503937,ZL-00672,2024-11,Gewerbe,65,199.7076923076923,158.89078329436833,40.816909013323965,40.816909013323965,12981.0,10327.900914133941,2653.099085866059,False,False,False,False
1178,0.8432355046528275,ZL-00101,2024-12,Gewerbe,87,183.73563218390805,142.7314018108963,41.00423037301175,41.00423037301175,15985.0,12417.631957547977,3567.3680424520226,False,False,False,False
1179,0.8439513242662849,ZL-00133,2024-11,Gewerbe,71,274.5211267605634,233.4237040961397,41.0974226644237,41.0974226644237,19491.0,16573.08299082592,2917.9170091740816,False,False,False,False
1180,0.8446671438797423,ZL-00697,2024-12,Industrie,499,247.81763527054107,206.7112156830813,41.10641958745978,41.10641958745978,123661.0,103148.89662585757,20512.103374142433,False,False,False,False
1181,0.8453829634931997,ZL-00645,2024-11,Kommunal,48,237.3125,196.1950347747028,41.117465225297195,41.117465225297195,11391.0,9417.361669185735,1973.638330814265,False,False,False,False
1182,0.8460987831066571,ZL-00074,2024-11,Industrie,231,257.1125541125541,215.9570098655585,41.15554424699562,41.15554424699562,59393.0,49886.069278944015,9506.930721055985,False,False,False,False
1183,0.8468146027201146,ZL-00450,2024-11,Gewerbe,45,189.2888888888889,148.080014987596,41.20887390129289,41.20887390129289,8518.0,6663.60067444182,1854.39932555818,False,False,False,False
1184,0.8475304223335719,ZL-00454,2024-11,Industrie,349,154.32091690544414,195.58970901575725,-41.268792110313115,41.268792110313115,53858.0,68260.80844649929,-14402.808446499286,False,False,False,False
1185,0.8482462419470294,ZL-00184,2024-11,Gewerbe,119,171.6218487394958,213.00073388984157,-41.37888515034578,41.37888515034578,20423.0,25347.087332891148,-4924.0873328911475,False,False,False,False
1186,0.8489620615604867,ZL-00503,2024-12,Industrie,82,158.28048780487805,199.79676406382887,-41.516276258950825,41.516276258950825,12979.0,16383.334653233967,-3404.3346532339674,False,False,False,False
1187,0.8496778811739442,ZL-00035,2024-11,Gewerbe,43,236.46511627906972,194.8348478101571,41.63026846891262,41.63026846891262,10168.0,8377.898455836756,1790.1015441632444,False,False,False,False
1188,0.8503937007874016,ZL-00228,2024-11,Industrie,493,159.1156186612576,200.83856774989462,-41.72294908863702,41.72294908863702,78444.0,99013.41390069805,-20569.413900698055,False,False,False,False
1189,0.851109520400859,ZL-00309,2024-12,Industrie,187,166.1818181818182,124.4352755480927,41.74654263372548,41.74654263372548,31076.0,23269.396527493336,7806.603472506664,False,False,False,False
1190,0.8518253400143164,ZL-00138,2024-11,Gewerbe,114,269.0,227.23282060269645,41.76717939730355,41.76717939730355,30666.0,25904.541548707395,4761.458451292605,False,False,False,False
1191,0.8525411596277738,ZL-00432,2024-11,Gewerbe,25,114.16,156.02807817409342,-41.86807817409343,41.86807817409343,2854.0,3900.7019543523356,-1046.7019543523356,False,False,False,False
1192,0.8532569792412312,ZL-00400,2024-12,Gewerbe,74,171.95945945945945,130.0069671092663,41.952492350193154,41.952492350193154,12725.0,9620.515566085705,3104.4844339142946,False,False,False,False
1193,0.8539727988546886,ZL-00256,2024-12,Gewerbe,44,242.0909090909091,199.68704382637372,42.40386526453537,42.40386526453537,10652.0,8786.229928360444,1865.7700716395557,False,False,False,False
1194,0.854688618468146,ZL-00124,2024-12,Gewerbe,26,237.53846153846155,195.10843254329194,42.43002899516961,42.43002899516961,6176.0,5072.81924612559,1103.1807538744097,False,False,False,False
1195,0.8554044380816035,ZL-00683,2024-11,Kommunal,56,129.41071428571428,171.99728293611543,-42.58656865040115,42.58656865040115,7247.0,9631.847844422464,-2384.847844422464,False,False,False,False
1196,0.8561202576950608,ZL-00630,2024-12,Gewerbe,33,155.72727272727272,198.34220614454523,-42.61493341727251,42.61493341727251,5139.0,6545.292802769993,-1406.2928027699927,False,False,False,False
1197,0.8568360773085183,ZL-00099,2024-12,Gewerbe,55,173.2,130.35421886728665,42.84578113271334,42.84578113271334,9526.0,7169.482037700765,2356.5179622992346,False,False,False,False
1198,0.8575518969219756,ZL-00188,2024-12,Gewerbe,35,182.42857142857144,139.44188933339703,42.986682095174416,42.986682095174416,6385.0,4880.466126668896,1504.5338733311037,False,False,False,False
1199,0.8582677165354331,ZL-00250,2024-12,Industrie,84,246.78571428571428,203.5134317093951,43.272282576319185,43.272282576319185,20730.0,17095.128263589188,3634.8717364108124,False,False,False,False
1200,0.8589835361488904,ZL-00241,2024-12,Gewerbe,42,224.3095238095238,180.97591008034084,43.33361372918296,43.33361372918296,9421.0,7600.988223374316,1820.0117766256844,False,False,False,False
1201,0.8596993557623479,ZL-00397,2024-12,Industrie,396,182.0176767676768,138.62987819857727,43.387798569099516,43.387798569099516,72079.0,54897.4317666366,17181.568233363403,False,False,False,False
1202,0.8604151753758053,ZL-00303,2024-12,Industrie,346,194.21098265895955,150.76471194602036,43.446270712939196,43.446270712939196,67197.0,52164.590333323045,15032.409666676955,False,False,False,False
1203,0.8611309949892627,ZL-00331,2024-12,Gewerbe,119,196.8823529411765,153.40399381729492,43.478359123881575,43.478359123881575,23429.0,18255.075264258096,5173.924735741904,False,False,False,False
1204,0.8618468146027202,ZL-00039,2024-12,Kommunal,65,145.55384615384617,101.97707608981219,43.57677006403398,43.57677006403398,9461.0,6628.509945837792,2832.4900541622083,False,False,False,False
1205,0.8625626342161775,ZL-00267,2024-11,Gewerbe,62,233.9193548387097,189.9913677545668,43.9279870841429,43.9279870841429,14503.0,11779.464800783142,2723.535199216858,False,False,False,False
1206,0.863278453829635,ZL-00254,2024-11,Kommunal,92,140.15217391304347,184.09287656133552,-43.940702648292046,43.940702648292046,12894.0,16936.54464364287,-4042.5446436428683,False,False,False,False
1207,0.8639942734430923,ZL-00617,2024-12,Industrie,217,241.9032258064516,197.92251273763583,43.98071306881576,43.98071306881576,52493.0,42949.185264066975,9543.814735933025,False,False,False,False
1208,0.8647100930565498,ZL-00394,2024-11,Kommunal,53,111.188679245283,155.1768964302971,-43.98821718501409,43.98821718501409,5893.0,8224.375510805747,-2331.3755108057467,False,False,False,False
1209,0.8654259126700071,ZL-00057,2024-11,Industrie,217,215.35944700460828,171.2846038156306,44.074843188977695,44.074843188977695,46733.0,37168.75902799184,9564.240972008163,False,False,False,False
1210,0.8661417322834646,ZL-00252,2024-12,Gewerbe,32,164.65625,120.3857280981687,44.2705219018313,44.2705219018313,5269.0,3852.3432991413983,1416.6567008586017,False,False,False,False
1211,0.8668575518969219,ZL-00139,2024-11,Kommunal,192,275.2708333333333,230.6665439826723,44.60428935066102,44.60428935066102,52852.0,44287.976444673084,8564.023555326916,False,False,False,False
1212,0.8675733715103794,ZL-00570,2024-12,Gewerbe,36,194.91666666666663,150.20244884836166,44.714217818304974,44.714217818304974,7017.0,5407.28815854102,1609.7118414589804,False,False,False,False
1213,0.8682891911238368,ZL-00151,2024-11,Industrie,517,183.16634429400384,227.89172260383594,-44.72537830983211,44.72537830983211,94697.0,117820.02058618318,-23123.02058618318,False,False,False,False
1214,0.8690050107372942,ZL-00629,2024-12,Industrie,442,246.5158371040724,201.6891610270052,44.82667607706719,44.82667607706719,108960.0,89146.6091739363,19813.390826063696,False,False,False,False
1215,0.8697208303507517,ZL-00483,2024-11,Industrie,486,206.7962962962963,161.96045694992705,44.835839346369255,44.835839346369255,100503.0,78712.78207766455,21790.217922335447,False,False,False,False
1216,0.870436649964209,ZL-00689,2024-12,Industrie,353,263.3087818696884,218.42698067676343,44.88180119292497,44.88180119292497,92948.0,77104.7241788975,15843.275821102507,False,False,False,False
1217,0.8711524695776665,ZL-00475,2024-12,Industrie,218,191.05504587155963,146.12992138585054,44.92512448570909,44.92512448570909,41650.0,31856.322862115416,9793.677137884584,False,False,False,False
1218,0.8718682891911238,ZL-00386,2024-12,Industrie,266,196.72932330827064,151.65968772175992,45.069635586510714,45.069635586510714,52330.0,40341.47693398814,11988.523066011861,False,False,False,False
1219,0.8725841088045813,ZL-00118,2024-12,Gewerbe,100,253.67,208.58269589249323,45.08730410750675,45.08730410750675,25367.0,20858.269589249325,4508.730410750675,False,False,False,False
1220,0.8732999284180386,ZL-00409,2024-12,Industrie,178,152.51123595505618,197.6085436811524,-45.09730772609623,45.09730772609623,27147.0,35174.32077524513,-8027.320775245127,False,False,False,False
1221,0.8740157480314961,ZL-00457,2024-12,Industrie,911,241.6783754116356,196.56620012893814,45.11217528269748,45.11217528269748,220169.0,179071.80831746265,41097.19168253735,False,False,False,False
1222,0.8747315676449535,ZL-00650,2024-12,Gewerbe,44,273.52272727272725,228.37434361485944,45.14838365786781,45.14838365786781,12035.0,10048.471119053815,1986.5288809461854,False,False,False,False
1223,0.8754473872584109,ZL-00696,2024-11,Industrie,385,206.55324675324675,161.04869012036488,45.50455663288187,45.50455663288187,79523.0,62003.74569634048,17519.254303659523,False,False,False,False
1224,0.8761632068718683,ZL-00287,2024-12,Industrie,393,262.3435114503817,216.6224102078103,45.72110124257139,45.72110124257139,103101.0,85132.60721166946,17968.392788330544,False,False,False,False
1225,0.8768790264853257,ZL-00191,2024-11,Kommunal,28,113.60714285714286,159.36166109376106,-45.754518236618196,45.754518236618196,3181.0,4462.1265106253095,-1281.1265106253095,False,False,False,False
1226,0.8775948460987831,ZL-00641,2024-11,Gewerbe,100,168.83,214.64970472807568,-45.81970472807566,45.81970472807566,16883.0,21464.970472807567,-4581.970472807567,False,False,False,False
1227,0.8783106657122405,ZL-00673,2024-12,Gewerbe,40,255.675,209.82273933398548,45.85226066601453,45.85226066601453,10227.0,8392.909573359419,1834.0904266405814,False,False,False,False
1228,0.8790264853256979,ZL-00200,2024-12,Gewerbe,38,255.3421052631579,209.3787515666756,45.9633536964823,45.9633536964823,9703.0,7956.392559533672,1746.6074404663277,False,False,False,False
1229,0.8797423049391553,ZL-00434,2024-12,Industrie,252,216.38888888888889,170.34231830300573,46.04657058588316,46.04657058588316,54530.0,42926.26421235744,11603.73578764256,False,False,False,False
1230,0.8804581245526127,ZL-00206,2024-12,Gewerbe,135,192.3037037037037,146.02778262888927,46.27592107481442,46.27592107481442,25961.0,19713.75065490005,6247.24934509995,False,False,False,False
1231,0.8811739441660702,ZL-00080,2024-12,Industrie,308,239.04545454545453,192.53018459846925,46.515269946985285,46.515269946985285,73626.0,59299.296856328525,14326.703143671475,False,False,False,False
1232,0.8818897637795275,ZL-00593,2024-12,Kommunal,39,261.7179487179488,214.95549772447967,46.762450993469116,46.762450993469116,10207.0,8383.264411254708,1823.7355887452923,False,False,False,False
1233,0.882605583392985,ZL-00606,2024-11,Industrie,134,156.044776119403,202.93219126728357,-46.887415147880574,46.887415147880574,20910.0,27192.913629815997,-6282.913629815997,False,False,False,False
1234,0.8833214030064424,ZL-00488,2024-12,Industrie,321,221.87227414330212,174.9238998820985,46.94837426120361,46.94837426120361,71221.0,56150.57186215362,15070.428137846378,False,False,False,False
1235,0.8840372226198998,ZL-00413,2024-12,Industrie,295,154.27796610169491,201.29100266467194,-47.01303656297702,47.01303656297702,45512.0,59380.84578607822,-13868.845786078222,False,False,False,False
1236,0.8847530422333572,ZL-00138,2024-12,Gewerbe,114,285.44736842105266,238.33830212963167,47.10906629142099,47.10906629142099,32541.0,27170.56644277801,5370.43355722199,False,False,False,False
1237,0.8854688618468146,ZL-00513,2024-11,Gewerbe,81,149.02469135802468,196.16385937028085,-47.139168012256164,47.139168012256164,12071.0,15889.27260899275,-3818.272608992749,False,False,False,False
1238,0.886184681460272,ZL-00017,2024-12,Industrie,221,260.6108597285068,213.33634462679805,47.274515101708744,47.274515101708744,57595.0,47147.33216252237,10447.667837477631,False,False,False,False
1239,0.8869005010737294,ZL-00618,2024-11,Gewerbe,105,142.8761904761905,190.26424236910788,-47.38805189291739,47.38805189291739,15002.0,19977.745448756326,-4975.745448756326,False,False,False,False
1240,0.8876163206871869,ZL-00337,2024-11,Industrie,156,147.08333333333334,194.6010370972333,-47.51770376389996,47.51770376389996,22945.0,30357.761787168394,-7412.761787168394,False,False,False,False
1241,0.8883321403006442,ZL-00527,2024-12,Industrie,131,217.7404580152672,170.2115426059488,47.52891540931839,47.52891540931839,28524.0,22297.712081379294,6226.2879186207065,False,False,False,False
1242,0.8890479599141017,ZL-00658,2024-12,Gewerbe,48,258.5833333333333,210.92597080190902,47.6573625314243,47.6573625314243,12412.0,10124.446598491633,2287.5534015083667,False,False,False,False
1243,0.889763779527559,ZL-00605,2024-11,Kommunal,63,270.57142857142856,222.802425669546,47.769002901882544,47.769002901882544,17046.0,14036.552817181398,3009.4471828186015,False,False,False,False
1244,0.8904795991410165,ZL-00335,2024-11,Industrie,298,165.65771812080536,213.61875643929744,-47.961038318492086,47.961038318492086,49366.0,63658.389418910636,-14292.389418910636,False,False,False,False
1245,0.8911954187544738,ZL-00116,2024-12,Gewerbe,34,222.9705882352941,175.00403974022387,47.966548495070214,47.966548495070214,7581.0,5950.137351167612,1630.862648832388,False,False,False,False
1246,0.8919112383679313,ZL-00246,2024-12,Gewerbe,42,158.64285714285714,110.5518282678346,48.091028875022545,48.091028875022545,6663.0,4643.176787249053,2019.8232127509473,False,False,False,False
1247,0.8926270579813886,ZL-00263,2024-12,Gewerbe,60,244.95,196.797241202898,48.152758797101995,48.152758797101995,14697.0,11807.83447217388,2889.1655278261205,False,False,False,False
1248,0.8933428775948461,ZL-00336,2024-12,Kommunal,67,266.1940298507463,217.90725912640917,48.28677072433712,48.28677072433712,17835.0,14599.786361469414,3235.2136385305857,False,False,False,False
1249,0.8940586972083036,ZL-00545,2024-12,Industrie,398,152.89698492462313,104.4759690975622,48.42101582706093,48.42101582706093,60853.0,41581.43570082975,19271.564299170248,False,False,False,False
1250,0.8947745168217609,ZL-00391,2024-12,Industrie,539,189.75510204081635,141.13649277616167,48.61860926465468,48.61860926465468,102278.0,76072.56960635114,26205.430393648858,False,False,False,False
1251,0.8954903364352184,ZL-00205,2024-12,Gewerbe,23,179.0,130.3625733515312,48.63742664846879,48.63742664846879,4117.0,2998.339187085218,1118.6608129147821,False,False,False,False
1252,0.8962061560486757,ZL-00536,2024-11,Gewerbe,52,220.05769230769232,171.1286687511556,48.92902355653672,48.92902355653672,11443.0,8898.690775060091,2544.3092249399087,False,False,False,False
1253,0.8969219756621332,ZL-00329,2024-11,Industrie,265,164.18490566037735,213.36528978483003,-49.18038412445267,49.18038412445267,43509.0,56541.80179297995,-13032.801792979953,False,False,False,False
1254,0.8976377952755905,ZL-00424,2024-12,Gewerbe,81,274.679012345679,224.95271509375453,49.72629725192445,49.72629725192445,22249.0,18221.169922594116,4027.8300774058844,False,False,False,False
1255,0.898353614889048,ZL-00380,2024-11,Industrie,96,140.5,190.2390304697667,-49.7390304697667,49.7390304697667,13488.0,18262.946925097604,-4774.9469250976035,False,False,False,False
1256,0.8990694345025053,ZL-00485,2024-11,Industrie,102,115.66666666666669,165.4858232563854,-49.819156589718716,49.819156589718716,11798.0,16879.553972151312,-5081.553972151312,False,False,False,False
1257,0.8997852541159628,ZL-00300,2024-12,Gewerbe,30,203.8333333333333,153.76732672308674,50.066006610246546,50.066006610246546,6115.0,4613.019801692602,1501.9801983073976,False,False,False,False
1258,0.9005010737294202,ZL-00126,2024-12,Industrie,442,156.66742081447964,106.45163583038534,50.2157849840943,50.2157849840943,69247.0,47051.623037030324,22195.376962969676,False,False,False,False
1259,0.9012168933428776,ZL-00688,2024-11,Gewerbe,126,212.15873015873007,161.83717066701732,50.32155949171275,50.32155949171275,26732.0,20391.483504044183,6340.516495955817,False,False,False,False
1260,0.901932712956335,ZL-00679,2024-11,Kommunal,68,158.5735294117647,208.99051890565818,-50.41698949389348,50.41698949389348,10783.0,14211.355285584756,-3428.3552855847556,False,False,False,False
1261,0.9026485325697924,ZL-00656,2024-12,Industrie,219,198.9497716894977,148.34299871778532,50.60677297171239,50.60677297171239,43570.0,32487.116719194986,11082.883280805014,False,False,False,False
1262,0.9033643521832498,ZL-00160,2024-12,Kommunal,119,284.1848739495798,233.54133119092555,50.64354275865426,50.64354275865426,33818.0,27791.41841172014,6026.58158827986,False,False,False,False
1263,0.9040801717967072,ZL-00240,2024-12,Gewerbe,58,143.24137931034485,194.05194557854486,-50.810566268200006,50.810566268200006,8308.0,11255.012843555602,-2947.0128435556016,False,False,False,False
1264,0.9047959914101646,ZL-00416,2024-12,Gewerbe,25,214.4,163.12125766097736,51.27874233902264,51.27874233902264,5360.0,4078.0314415244343,1281.9685584755657,False,False,False,False
1265,0.905511811023622,ZL-00070,2024-12,Gewerbe,23,112.69565217391305,164.12252801758348,-51.42687584367043,51.42687584367043,2592.0,3774.81814440442,-1182.8181444044199,False,False,False,False
1266,0.9062276306370795,ZL-00490,2024-12,Kommunal,192,166.47395833333334,217.99679107853532,-51.52283274520198,51.52283274520198,31963.0,41855.38388707878,-9892.38388707878,False,False,False,False
1267,0.9069434502505369,ZL-00277,2024-11,Kommunal,73,222.84931506849315,171.20836748918762,51.64094757930553,51.64094757930553,16268.0,12498.210826710696,3769.789173289304,False,False,False,False
1268,0.9076592698639943,ZL-00374,2024-12,Industrie,186,106.91935483870968,158.66258567090833,-51.74323083219865,51.74323083219865,19887.0,29511.240934788948,-9624.240934788948,False,False,False,False
1269,0.9083750894774517,ZL-00329,2024-12,Industrie,265,247.50188679245284,195.57141876387132,51.930468028581515,51.930468028581515,65588.0,51826.4259724259,13761.574027574097,False,False,False,False
1270,0.9090909090909091,ZL-00411,2024-11,Gewerbe,59,163.84745762711864,111.81409009452672,52.033367532591924,52.033367532591924,9667.0,6597.031315577076,3069.9686844229236,False,False,False,False
1271,0.9098067287043665,ZL-00068,2024-12,Industrie,671,138.45603576751117,190.70545246981328,-52.24941670230211,52.24941670230211,92904.0,127963.3586072447,-35059.35860724471,False,False,False,False
1272,0.9105225483178239,ZL-00301,2024-12,Gewerbe,63,192.06349206349208,139.51362043088832,52.549871632603754,52.549871632603754,12100.0,8789.358087145964,3310.6419128540365,False,False,False,False
1273,0.9112383679312813,ZL-00372,2024-12,Gewerbe,28,243.9642857142857,191.23123090991842,52.73305480436727,52.73305480436727,6831.0,5354.474465477716,1476.525534522284,False,False,False,False
1274,0.9119541875447388,ZL-00639,2024-12,Industrie,362,219.61049723756904,166.62923951393688,52.981257723632154,52.981257723632154,79499.0,60319.78470404515,19179.215295954848,False,False,False,False
1275,0.9126700071581961,ZL-00626,2024-12,Industrie,424,251.70990566037736,198.6888013582967,53.02110430208066,53.02110430208066,106725.0,84244.0517759178,22480.948224082196,False,False,False,False
1276,0.9133858267716536,ZL-00134,2024-12,Gewerbe,57,203.0701754385965,149.76660724886327,53.30356818973323,53.30356818973323,11575.0,8536.696613185206,3038.303386814794,False,False,False,False
1277,0.9141016463851109,ZL-00482,2024-12,Kommunal,124,228.49193548387092,175.05919233666324,53.432743147207674,53.432743147207674,28333.0,21707.339849746244,6625.660150253756,False,False,False,False
1278,0.9148174659985684,ZL-00460,2024-12,Gewerbe,42,227.23809523809524,173.60103604452385,53.63705919357139,53.63705919357139,9544.0,7291.243513870002,2252.756486129998,False,False,False,False
1279,0.9155332856120257,ZL-00539,2024-12,Gewerbe,70,281.98571428571427,228.1107536732246,53.87496061248967,53.87496061248967,19739.0,15967.752757125721,3771.2472428742785,False,False,False,False
1280,0.9162491052254832,ZL-00156,2024-11,Industrie,799,135.80100125156446,189.75410607505967,-53.95310482349521,53.95310482349521,108505.0,151613.53075397268,-43108.53075397268,False,False,False,False
1281,0.9169649248389405,ZL-00309,2024-11,Industrie,187,102.0374331550802,156.38356514426064,-54.34613198918045,54.34613198918045,19081.0,29243.72668197674,-10162.72668197674,False,False,False,False
1282,0.917680744452398,ZL-00071,2024-11,Kommunal,179,223.33519553072625,168.59917345189962,54.736022078826636,54.736022078826636,39977.0,30179.25204789003,9797.74795210997,False,False,False,False
1283,0.9183965640658555,ZL-00350,2024-12,Industrie,354,194.5169491525424,139.71351555506178,54.80343359748062,54.80343359748062,68859.0,49458.58450649187,19400.41549350813,False,False,False,False
1284,0.9191123836793128,ZL-00214,2024-12,Kommunal,44,193.47727272727272,137.96760195288306,55.50967077438966,55.50967077438966,8513.0,6070.574485926854,2442.4255140731457,False,False,False,False
1285,0.9198282032927703,ZL-00507,2024-12,Gewerbe,51,264.15686274509807,208.53507531334873,55.62178743174934,55.62178743174934,13472.0,10635.288840980786,2836.7111590192144,False,False,False,False
1286,0.9205440229062276,ZL-00654,2024-12,Gewerbe,133,273.2105263157895,217.55567438366015,55.65485193212933,55.65485193212933,36337.0,28934.904693026798,7402.095306973202,False,False,False,False
1287,0.9212598425196851,ZL-00519,2024-12,Gewerbe,70,176.5142857142857,120.7767082195697,55.73757749471601,55.73757749471601,12356.0,8454.36957536988,3901.6304246301206,False,False,False,False
1288,0.9219756621331424,ZL-00132,2024-12,Industrie,387,189.5064599483204,133.76265139595216,55.74380855236825,55.74380855236825,73339.0,51766.14609023349,21572.853909766513,False,False,False,False
1289,0.9226914817465999,ZL-00550,2024-12,Industrie,230,268.7652173913044,212.72126105119128,56.04395634011314,56.04395634011314,61816.0,48925.89004177399,12890.109958226007,False,False,False,False
1290,0.9234073013600572,ZL-00330,2024-12,Kommunal,62,273.88709677419354,217.54136389409751,56.34573288009602,56.34573288009602,16981.0,13487.564561434046,3493.4354385659535,False,False,False,False
1291,0.9241231209735147,ZL-00643,2024-12,Gewerbe,54,116.0925925925926,172.61509175989883,-56.522499167306236,56.522499167306236,6269.0,9321.214955034537,-3052.2149550345366,False,False,False,False
1292,0.9248389405869721,ZL-00045,2024-11,Industrie,336,174.625,231.28717221522584,-56.66217221522584,56.66217221522584,58674.0,77712.48986431588,-19038.48986431588,False,False,False,False
1293,0.9255547602004295,ZL-00190,2024-11,Gewerbe,39,137.2051282051282,193.96775212138715,-56.762623916258946,56.762623916258946,5351.0,7564.742332734098,-2213.7423327340985,False,False,False,False
1294,0.9262705798138869,ZL-00641,2024-12,Gewerbe,100,250.94,193.98086139812165,56.95913860187835,56.95913860187835,25094.0,19398.086139812163,5695.913860187837,False,False,False,False
1295,0.9269863994273443,ZL-00318,2024-11,Gewerbe,29,261.3448275862069,204.24191770318288,57.10290988302404,57.10290988302404,7579.0,5923.015613392304,1655.9843866076963,False,False,False,False
1296,0.9277022190408017,ZL-00113,2024-12,Industrie,239,172.13807531380752,115.0071107612615,57.13096455254602,57.13096455254602,41141.0,27486.699471941498,13654.300528058502,False,False,False,False
1297,0.9284180386542591,ZL-00552,2024-12,Industrie,245,266.1061224489796,208.35547770198573,57.750644746993856,57.750644746993856,65196.0,51047.092036986505,14148.907963013495,False,False,False,False
1298,0.9291338582677166,ZL-00442,2024-12,Kommunal,91,189.6813186813187,131.3601193478121,58.3211993335066,58.3211993335066,17261.0,11953.7708606509,5307.2291393491,False,False,False,False
1299,0.9298496778811739,ZL-00034,2024-12,Kommunal,65,278.0,219.67738361137054,58.322616388629456,58.322616388629456,18070.0,14279.029934739085,3790.9700652609154,False,False,False,False
1300,0.9305654974946314,ZL-00167,2024-12,Gewerbe,256,272.71875,214.37105409623257,58.34769590376743,58.34769590376743,69816.0,54878.98984863554,14937.010151364462,False,False,False,False
1301,0.9312813171080888,ZL-00080,2024-11,Industrie,308,150.35064935064935,208.78949412311923,-58.43884477246988,58.43884477246988,46308.0,64307.164189920724,-17999.164189920724,False,False,False,False
1302,0.9319971367215462,ZL-00557,2024-12,Gewerbe,22,173.5909090909091,115.06326372678433,58.527645364124766,58.527645364124766,3819.0,2531.3918019892553,1287.6081980107447,False,False,False,False
1303,0.9327129563350036,ZL-00586,2024-11,Gewerbe,60,106.55,165.395353162913,-58.845353162913014,58.845353162913014,6393.0,9923.72118977478,-3530.72118977478,False,False,False,False
1304,0.933428775948461,ZL-00403,2024-11,Industrie,353,227.1728045325779,168.05917699827774,59.11362753430018,59.11362753430018,80192.0,59324.88948039204,20867.11051960796,False,False,False,False
1305,0.9341445955619184,ZL-00103,2024-12,Gewerbe,27,157.1851851851852,98.0649648693384,59.120220315846794,59.120220315846794,4244.0,2647.754051472137,1596.2459485278632,False,False,False,False
1306,0.9348604151753758,ZL-00032,2024-12,Gewerbe,94,271.1276595744681,211.78496420450756,59.34269536996055,59.34269536996055,25486.0,19907.78663522371,5578.213364776289,False,False,False,False
1307,0.9355762347888332,ZL-00438,2024-11,Gewerbe,68,164.52941176470588,104.74799790979134,59.78141385491455,59.78141385491455,11188.0,7122.863857865811,4065.136142134189,False,False,False,False
1308,0.9362920544022906,ZL-00125,2024-12,Gewerbe,52,274.34615384615387,214.310164481168,60.03598936498588,60.03598936498588,14266.0,11144.128553020735,3121.871446979265,False,False,False,False
1309,0.937007874015748,ZL-00524,2024-11,Industrie,173,229.80346820809248,169.23898629075615,60.56448191733634,60.56448191733634,39756.0,29278.344628300812,10477.655371699188,False,False,False,False
1310,0.9377236936292055,ZL-00502,2024-12,Kommunal,108,212.78703703703704,151.58812104669119,61.19891599034585,61.19891599034585,22981.0,16371.517073042647,6609.482926957353,False,False,False,False
1311,0.9384395132426628,ZL-00307,2024-11,Gewerbe,59,258.1186440677966,196.90578659113098,61.21285747666562,61.21285747666562,15229.0,11617.441408876728,3611.558591123272,False,False,False,False
1312,0.9391553328561203,ZL-00267,2024-12,Gewerbe,62,271.38709677419354,209.76181587978928,61.625280894404256,61.625280894404256,16826.0,13005.232584546935,3820.767415453065,False,False,False,False
1313,0.9398711524695776,ZL-00140,2024-12,Industrie,294,234.6768707482993,172.65964318605685,62.017227562242454,62.017227562242454,68995.0,50761.93509670071,18233.064903299288,False,False,False,False
1314,0.9405869720830351,ZL-00081,2024-12,Gewerbe,72,232.34722222222223,170.25301224337406,62.09420997884817,62.09420997884817,16729.0,12258.216881522932,4470.783118477068,False,False,False,False
1315,0.9413027916964924,ZL-00074,2024-12,Industrie,231,289.3333333333333,226.9112448084059,62.4220885249274,62.4220885249274,66836.0,52416.49755074176,14419.502449258238,False,False,False,False
1316,0.9420186113099499,ZL-00320,2024-11,Industrie,121,246.9256198347108,184.34920400009653,62.57641583461427,62.57641583461427,29878.0,22306.25368401168,7571.746315988319,False,False,False,False
1317,0.9427344309234073,ZL-00524,2024-12,Industrie,173,235.64161849710985,172.78096202207675,62.860656475033096,62.860656475033096,40766.0,29891.106429819276,10874.893570180724,False,False,False,False
1318,0.9434502505368647,ZL-00449,2024-12,Industrie,278,289.3201438848921,226.34707285849956,62.973071026392546,62.973071026392546,80431.0,62924.48625466288,17506.51374533712,False,False,False,False
1319,0.9441660701503222,ZL-00139,2024-12,Kommunal,192,300.8541666666667,237.75582455200512,63.09834211466156,63.09834211466156,57764.0,45649.11831398498,12114.881686015018,False,False,False,False
1320,0.9448818897637795,ZL-00223,2024-12,Industrie,138,296.1231884057971,232.34499104653926,63.77819735925786,63.77819735925786,40865.0,32063.608764422417,8801.391235577583,False,False,False,False
1321,0.945597709377237,ZL-00275,2024-12,Kommunal,51,275.4901960784314,210.42190497957057,65.06829109886081,65.06829109886081,14050.0,10731.517153958099,3318.482846041901,False,False,False,False
1322,0.9463135289906943,ZL-00354,2024-12,Industrie,159,273.496855345912,207.77643689527613,65.72041845063589,65.72041845063589,43486.0,33036.4534663489,10449.546533651097,False,False,False,False
1323,0.9470293486041518,ZL-00159,2024-11,Industrie,88,154.7840909090909,220.97131073282765,-66.18721982373674,66.18721982373674,13621.0,19445.475344488834,-5824.475344488834,False,False,False,False
1324,0.9477451682176091,ZL-00049,2024-12,Gewerbe,40,214.525,147.6077556825766,66.91724431742341,66.91724431742341,8581.0,5904.310227303064,2676.6897726969364,False,False,False,False
1325,0.9484609878310666,ZL-00528,2024-12,Gewerbe,68,281.7058823529412,214.14043353540927,67.56544881753194,67.56544881753194,19156.0,14561.54948040783,4594.45051959217,False,False,False,False
1326,0.9491768074445239,ZL-00071,2024-12,Kommunal,179,268.14525139664806,200.31573524316775,67.82951615348031,67.82951615348031,47998.0,35856.516608527025,12141.483391472975,False,False,False,False
1327,0.9498926270579814,ZL-00696,2024-12,Industrie,385,247.3168831168831,179.3761812506381,67.940701866245,67.940701866245,95217.0,69059.82978149566,26157.17021850434,False,False,False,False
1328,0.9506084466714388,ZL-00546,2024-12,Gewerbe,53,233.67924528301887,165.47066233547758,68.20858294754129,68.20858294754129,12385.0,8769.945103780312,3615.054896219688,True,False,False,False
1329,0.9513242662848962,ZL-00358,2024-12,Industrie,409,268.2053789731052,198.96675754495072,69.23862142815449,69.23862142815449,109696.0,81377.40383588485,28318.59616411515,True,False,False,False
1330,0.9520400858983536,ZL-00623,2024-12,Gewerbe,40,261.65,192.3150699862681,69.33493001373188,69.33493001373188,10466.0,7692.602799450724,2773.397200549276,True,False,False,False
1331,0.952755905511811,ZL-00320,2024-12,Industrie,121,277.59504132231405,208.22938061850724,69.36566070380681,69.36566070380681,33589.0,25195.755054839374,8393.244945160626,True,False,False,False
1332,0.9534717251252685,ZL-00220,2024-12,Gewerbe,144,279.59722222222223,209.41164739737007,70.18557482485215,70.18557482485215,40262.0,30155.27722522129,10106.722774778711,True,False,False,False
1333,0.9541875447387258,ZL-00304,2024-12,Gewerbe,262,243.57251908396947,173.1870329038446,70.38548618012487,70.38548618012487,63816.0,45375.00262080728,18440.99737919272,True,False,False,False
1334,0.9549033643521833,ZL-00656,2024-11,Industrie,219,167.675799086758,97.20322123260894,70.47257785414905,70.47257785414905,36721.0,21287.505449941356,15433.494550058644,True,False,False,False
1335,0.9556191839656406,ZL-00368,2024-12,Gewerbe,41,283.5365853658537,212.68112722693536,70.85545813891832,70.85545813891832,11625.0,8719.92621630435,2905.0737836956505,True,False,False,False
1336,0.9563350035790981,ZL-00415,2024-11,Industrie,317,253.205047318612,182.0403887194217,71.16465859919029,71.16465859919029,80266.0,57706.80322405668,22559.196775943317,True,False,False,False
1337,0.9570508231925555,ZL-00308,2024-11,Gewerbe,20,286.2,214.44300954964126,71.75699045035873,71.75699045035873,5724.0,4288.860190992826,1435.1398090071743,True,False,False,False
1338,0.9577666428060129,ZL-00493,2024-12,Gewerbe,37,281.86486486486484,210.05681159842055,71.80805326644429,71.80805326644429,10429.0,7772.102029141561,2656.8979708584393,True,False,False,False
1339,0.9584824624194703,ZL-00541,2024-12,Gewerbe,52,304.63461538461536,232.6936958587487,71.94091952586666,71.94091952586666,15841.0,12100.072184654931,3740.9278153450687,True,False,False,False
1340,0.9591982820329277,ZL-00511,2024-11,Gewerbe,45,149.88888888888889,222.14599217224256,-72.25710328335367,72.25710328335367,6745.0,9996.569647750915,-3251.5696477509155,True,False,False,False
1341,0.9599141016463851,ZL-00638,2024-11,Industrie,429,63.94405594405595,136.58897718416793,-72.64492124011198,72.64492124011198,27432.0,58596.67121200804,-31164.67121200804,True,False,False,False
1342,0.9606299212598425,ZL-00415,2024-12,Industrie,317,282.0315457413249,209.3640029850579,72.66754275626701,72.66754275626701,89404.0,66368.38894626335,23035.611053736648,True,False,False,False
1343,0.9613457408732999,ZL-00661,2024-12,Gewerbe,46,249.84782608695653,176.68516708762252,73.16265899933401,73.16265899933401,11493.0,8127.517686030636,3365.4823139693644,True,False,False,False
1344,0.9620615604867573,ZL-00053,2024-12,Gewerbe,58,299.8793103448276,226.52084437888053,73.35846596594709,73.35846596594709,17393.0,13138.20897397507,4254.79102602493,True,False,False,False
1345,0.9627773801002147,ZL-00671,2024-12,Gewerbe,65,263.0615384615385,187.90714243011664,75.15439603142184,75.15439603142184,17099.0,12213.964257957581,4885.035742042419,True,False,False,False
1346,0.9634931997136722,ZL-00422,2024-11,Kommunal,65,267.9076923076923,192.57332971608238,75.3343625916099,75.3343625916099,17414.0,12517.266431545355,4896.733568454645,True,False,False,False
1347,0.9642090193271295,ZL-00123,2024-11,Gewerbe,55,130.65454545454546,206.86287339847456,-76.2083279439291,76.2083279439291,7186.0,11377.458036916101,-4191.458036916101,True,False,False,False
1348,0.964924838940587,ZL-00067,2024-12,Kommunal,88,286.29545454545456,209.3838434421729,76.91161110328167,76.91161110328167,25194.0,18425.778222911213,6768.221777088787,True,False,False,False
1349,0.9656406585540444,ZL-00286,2024-11,Kommunal,76,198.3815789473684,120.66816815941408,77.71341078795433,77.71341078795433,15077.0,9170.78078011547,5906.21921988453,True,False,False,False
1350,0.9663564781675018,ZL-00277,2024-12,Kommunal,73,252.68493150684927,174.7875696532765,77.89736185357276,77.89736185357276,18446.0,12759.492584689186,5686.507415310814,True,False,False,False
1351,0.9670722977809592,ZL-00343,2024-12,Gewerbe,20,293.35,215.33780728198352,78.01219271801651,78.01219271801651,5867.0,4306.756145639671,1560.2438543603294,True,False,False,False
1352,0.9677881173944166,ZL-00495,2024-12,Industrie,189,260.4867724867725,182.25901210531725,78.22776038145525,78.22776038145525,49232.0,34446.95328790496,14785.046712095042,True,False,False,False
1353,0.968503937007874,ZL-00677,2024-11,Gewerbe,84,277.57142857142856,199.22850019002757,78.34292838140098,78.34292838140098,23316.0,16735.194015962315,6580.8059840376845,True,False,False,False
1354,0.9692197566213314,ZL-00394,2024-12,Kommunal,53,88.16981132075472,167.26294921933712,-79.0931378985824,79.0931378985824,4673.0,8864.936308624867,-4191.936308624867,True,False,False,False
1355,0.9699355762347889,ZL-00661,2024-11,Gewerbe,46,222.8913043478261,143.3514740717481,79.53983027607799,79.53983027607799,10253.0,6594.167807300412,3658.8321926995877,True,False,False,False
1356,0.9706513958482462,ZL-00106,2024-12,Industrie,116,281.8362068965517,201.91713239617343,79.91907450037826,79.91907450037826,32693.0,23422.38735795612,9270.612642043881,True,False,False,False
1357,0.9713672154617037,ZL-00687,2024-12,Industrie,565,255.1522123893805,174.77710399273434,80.37510839664617,80.37510839664617,144161.0,98749.0637558949,45411.936244105105,True,False,False,False
1358,0.972083035075161,ZL-00692,2024-12,Gewerbe,27,256.1851851851852,175.58205323837154,80.60313194681368,80.60313194681368,6917.0,4740.715437436032,2176.2845625639684,True,False,False,False
1359,0.9727988546886185,ZL-00425,2024-11,Kommunal,63,131.68253968253967,212.6009376990867,-80.91839801654703,80.91839801654703,8296.0,13393.859075042463,-5097.859075042463,True,False,False,False
1360,0.9735146743020758,ZL-00667,2024-11,Industrie,162,26.87839347741049,108.53719065859879,-81.6587971811883,81.6587971811883,4354.2997433405,17583.024886693005,-13228.725143352505,True,False,False,False
1361,0.9742304939155333,ZL-00392,2024-11,Industrie,119,189.1428571428572,106.74758469699856,82.39527244585864,82.39527244585864,22508.0,12702.962578942828,9805.037421057172,True,False,False,False
1362,0.9749463135289907,ZL-00545,2024-11,Industrie,398,15.115577889447236,97.52850612139875,-82.41292823195151,82.41292823195151,6016.0,38816.345436316704,-32800.345436316704,True,False,False,False
1363,0.9756621331424481,ZL-00680,2024-12,Kommunal,87,294.18390804597703,211.59625937736027,82.58764866861677,82.58764866861677,25594.0,18408.874565830345,7185.125434169655,True,True,False,False
1364,0.9763779527559056,ZL-00326,2024-12,Industrie,251,293.2350597609562,206.5874190383848,86.64764072257137,86.64764072257137,73602.0,51853.442178634585,21748.557821365415,True,True,False,False
1365,0.9770937723693629,ZL-00202,2024-12,Gewerbe,34,264.3529411764706,177.2324728550585,87.12046832141212,87.12046832141212,8988.0,6025.9040770719885,2962.0959229280115,True,True,False,False
1366,0.9778095919828204,ZL-00068,2024-11,Industrie,671,140.44709388971685,228.88672163120125,-88.4396277414844,88.4396277414844,94240.0,153582.99021453605,-59342.990214536054,True,True,False,False
1367,0.9785254115962777,ZL-00579,2024-12,Gewerbe,34,207.55882352941177,118.52506211791845,89.03376141149332,89.03376141149332,7057.0,4029.8521120092273,3027.1478879907727,True,True,False,False
1368,0.9792412312097352,ZL-00243,2024-12,Gewerbe,41,293.4146341463415,203.7238396398386,89.6907945065029,89.6907945065029,12030.0,8352.677425233382,3677.3225747666183,True,True,False,False
1369,0.9799570508231925,ZL-00148,2024-12,Industrie,719,303.6884561891516,212.41905037554946,91.26940581360216,91.26940581360216,218352.0,152729.29722002006,65622.70277997994,True,True,False,False
1370,0.98067287043665,ZL-00316,2024-12,Kommunal,96,286.34375,194.57730265008146,91.76644734991854,91.76644734991854,27489.0,18679.42105440782,8809.57894559218,True,True,False,False
1371,0.9813886900501074,ZL-00412,2024-11,Gewerbe,57,259.6140350877193,167.48393295818644,92.13010212953284,92.13010212953284,14798.0,9546.584178616627,5251.4158213833725,True,True,False,False
1372,0.9821045096635648,ZL-00595,2024-12,Industrie,331,302.9395770392749,210.41066232341714,92.52891471585778,92.52891471585778,100273.0,69645.92922905108,30627.07077094892,True,True,False,False
1373,0.9828203292770222,ZL-00645,2024-12,Kommunal,48,310.2916666666667,216.49815968471384,93.79350698195285,93.79350698195285,14894.0,10391.911664866264,4502.088335133736,True,True,False,False
1374,0.9835361488904796,ZL-00285,2024-12,Gewerbe,79,42.9873417721519,140.54466385569015,-97.55732208353825,97.55732208353825,3396.0,11103.028444599522,-7707.028444599522,True,True,False,False
1375,0.984251968503937,ZL-00474,2024-11,Gewerbe,55,283.76363636363635,183.29366058909554,100.46997577454081,100.46997577454081,15607.0,10081.151332400255,5525.848667599745,True,True,False,False
1376,0.9849677881173944,ZL-00643,2024-11,Gewerbe,54,251.56253361333708,149.5145629889821,102.04797062435497,102.04797062435497,13584.376815120202,8073.786401405034,5510.590413715168,True,True,False,False
1377,0.9856836077308518,ZL-00111,2024-12,Gewerbe,23,258.7826086956522,149.95440710479605,108.82820159085614,108.82820159085614,5952.0,3448.951363410309,2503.048636589691,True,True,False,False
1378,0.9863994273443092,ZL-00349,2024-12,Industrie,310,264.01612903225805,152.46827649746496,111.5478525347931,111.5478525347931,81845.0,47265.165714214134,34579.834285785866,True,True,False,False
1379,0.9871152469577666,ZL-00619,2024-12,Gewerbe,61,315.0655737704918,193.4491460401286,121.61642773036323,121.61642773036323,19219.0,11800.397908447845,7418.602091552155,True,True,False,False
1380,0.9878310665712241,ZL-00583,2024-12,Industrie,398,44.00776242733049,171.18916181132101,-127.18139938399052,127.18139938399052,17515.089446077534,68133.28640090577,-50618.196954828236,True,True,False,False
1381,0.9885468861846815,ZL-00296,2024-12,Gewerbe,92,258.4130434782609,124.25835309121794,134.15469038704293,134.15469038704293,23774.0,11431.76848439205,12342.23151560795,True,True,False,False
1382,0.9892627057981389,ZL-00294,2024-12,Gewerbe,84,273.3809523809524,129.86445867352154,143.51649370743087,143.51649370743087,22964.0,10908.61452857581,12055.38547142419,True,True,False,False
1383,0.9899785254115963,ZL-00223,2024-11,Industrie,138,14.619092563319008,158.84055286895477,-144.22146030563576,144.22146030563576,2017.434773738023,21919.99629591576,-19902.561522177737,True,True,False,False
1384,0.9906943450250537,ZL-00052,2024-12,Gewerbe,33,27.25418655979731,174.8067608251606,-147.5525742653633,147.5525742653633,899.3881564733113,5768.6231072303,-4869.234950756989,True,True,True,False
1385,0.9914101646385111,ZL-00500,2024-12,Industrie,576,22.145386984040847,172.27065539367277,-150.12526840963193,150.12526840963193,12755.742902807528,99227.89750675551,-86472.15460394799,True,True,True,False
1386,0.9921259842519685,ZL-00303,2024-11,Industrie,346,28.36939921989804,180.00844357765286,-151.6390443577548,151.6390443577548,9815.812130084722,62282.92147786789,-52467.10934778317,True,True,True,False
1387,0.9928418038654259,ZL-00091,2024-11,Gewerbe,77,41.78414630259855,204.8196770037998,-163.03553070120125,163.03553070120125,3217.3792653000883,15771.115129292584,-12553.735863992497,True,True,True,False
1388,0.9935576234788833,ZL-00111,2024-11,Gewerbe,23,24.61578864785773,194.89383542222168,-170.27804677436396,170.27804677436396,566.1631389007279,4482.558214711099,-3916.395075810371,True,True,True,False
1389,0.9942734430923408,ZL-00310,2024-12,Industrie,551,341.8163548902903,147.53942036232345,194.27693452796686,194.27693452796686,188340.81154455,81294.22061964023,107046.59092490977,True,True,True,False
1390,0.9949892627057981,ZL-00409,2024-11,Industrie,178,318.70644108671803,122.55386780981294,196.1525732769051,196.1525732769051,56729.746513435806,21814.588470146704,34915.158043289106,True,True,True,False
1391,0.9957050823192556,ZL-00294,2024-11,Gewerbe,84,27.119456961755954,230.5611250065306,-203.44166804477464,203.44166804477464,2278.0343847875,19367.13450054857,-17089.10011576107,True,True,True,True
1392,0.9964209019327129,ZL-00171,2024-11,Industrie,120,333.4532685820561,117.15043485610734,216.3028337259488,216.3028337259488,40014.39222984674,14058.052182732881,25956.340047113856,True,True,True,True
1393,0.9971367215461704,ZL-00598,2024-12,Kommunal,83,468.03444240772046,171.73609094263537,296.2983514650851,296.2983514650851,38846.8587198408,14254.095548238736,24592.763171602062,True,True,True,True
1394,0.9978525411596277,ZL-00603,2024-11,Industrie,284,483.5590125445144,163.74342601901571,319.8155865254987,319.8155865254987,137330.75956264208,46503.13298940046,90827.62657324162,True,True,True,True
1395,0.9985683607730852,ZL-00184,2024-12,Gewerbe,119,627.9411764705883,202.20267549669816,425.73850097389015,425.73850097389015,74725.0,24062.11838410708,50662.88161589292,True,True,True,True
1396,0.9992841803865425,ZL-00699,2024-12,Gewerbe,58,669.4848825168833,208.87435190746032,460.610530609423,460.610530609423,38830.12318597923,12114.7124106327,26715.410775346532,True,True,True,True
1397,1.0,ZL-00278,2024-11,Gewerbe,47,656.927158348608,175.1822650870104,481.74489326159767,481.74489326159767,30875.57644238458,8233.566459089488,22642.00998329509,True,True,True,True
